Id,IndicatorCode,SpatialDimension,SpatialDimensionValueCode,ParentLocationCode,ParentLocation,TimeDimension,TimeDim,DisaggregatingDimension1,DisaggregatingDimension1ValueCode,DisaggregatingDimension2,DisaggregatingDimension2ValueCode,DisaggregatingDimension3,DisaggregatingDimension3ValueCode,DataSourceDimension,DataSourceDimensionValueCode,Value,NumericValue,Low,High,Comments,Date,TimeDimensionValue,TimeDimensionBegin,TimeDimensionEnd
574925,MALARIA_IMPORTED,COUNTRY,TZA,AFR,Africa,YEAR,2020,,,,,,,,,4 314,4314,,,,2022-02-10T08:19:45Z,2020,2020-01-01,2020-12-31
556205,MALARIA_IMPORTED,COUNTRY,IRN,EMR,Eastern Mediterranean,YEAR,2011,,,,,,,,,1 529,1529,,,,2022-02-10T08:19:42Z,2011,2011-01-01,2011-12-31
556277,MALARIA_IMPORTED,COUNTRY,LKA,SEAR,South-East Asia,YEAR,2013,,,,,,,,,95,95,,,,2022-02-10T08:19:44Z,2013,2013-01-01,2013-12-31
556242,MALARIA_IMPORTED,COUNTRY,MEX,AMR,Americas,YEAR,2012,,,,,,,,,9,9,,,,2022-02-10T08:19:43Z,2012,2012-01-01,2012-12-31
565075,MALARIA_IMPORTED,COUNTRY,NIC,AMR,Americas,YEAR,2017,,,,,,,,,3,3,,,,2022-02-10T08:19:43Z,2017,2017-01-01,2017-12-31
565022,MALARIA_IMPORTED,COUNTRY,PER,AMR,Americas,YEAR,2016,,,,,,,,,48,48,,,,2022-02-10T08:19:44Z,2016,2016-01-01,2016-12-31
565151,MALARIA_IMPORTED,COUNTRY,UZB,EUR,Europe,YEAR,2018,,,,,,,,,0,0,,,,2022-02-10T08:19:45Z,2018,2018-01-01,2018-12-31
565224,MALARIA_IMPORTED,COUNTRY,COL,AMR,Americas,YEAR,2020,,,,,,,,,457,457,,,,2022-02-10T08:19:41Z,2020,2020-01-01,2020-12-31
556218,MALARIA_IMPORTED,COUNTRY,TKM,EUR,Europe,YEAR,2011,,,,,,,,,0,0,,,,2022-02-10T08:19:45Z,2011,2011-01-01,2011-12-31
556359,MALARIA_IMPORTED,GLOBAL,GLOBAL,,,YEAR,2015,,,,,,,,,  93 250,93250,,,,2022-04-14T12:41:17Z,2015,2015-01-01,2015-12-31
556259,MALARIA_IMPORTED,COUNTRY,AZE,EUR,Europe,YEAR,2013,,,,,,,,,4,4,,,,2022-02-10T08:19:40Z,2013,2013-01-01,2013-12-31
556170,MALARIA_IMPORTED,COUNTRY,DZA,AFR,Africa,YEAR,2010,,,,,,,,,396,396,,,,2022-02-10T08:19:40Z,2010,2010-01-01,2010-12-31
565135,MALARIA_IMPORTED,COUNTRY,PER,AMR,Americas,YEAR,2018,,,,,,,,,176,176,,,,2022-02-10T08:19:44Z,2018,2018-01-01,2018-12-31
565219,MALARIA_IMPORTED,COUNTRY,BOL,AMR,Americas,YEAR,2020,,,,,,,,,7,7,,,,2022-02-10T08:19:41Z,2020,2020-01-01,2020-12-31
565196,MALARIA_IMPORTED,COUNTRY,PRY,AMR,Americas,YEAR,2019,,,,,,,,,0,0,,,,2022-02-10T08:19:44Z,2019,2019-01-01,2019-12-31
556207,MALARIA_IMPORTED,COUNTRY,KOR,WPR,Western Pacific,YEAR,2011,,,,,,,,,64,64,,,,2022-02-10T08:19:44Z,2011,2011-01-01,2011-12-31
556283,MALARIA_IMPORTED,COUNTRY,SAU,EMR,Eastern Mediterranean,YEAR,2013,,,,,,,,,2 479,2479,,,,2022-02-10T08:19:44Z,2013,2013-01-01,2013-12-31
556251,MALARIA_IMPORTED,COUNTRY,TKM,EUR,Europe,YEAR,2012,,,,,,,,,0,0,,,,2022-02-10T08:19:45Z,2012,2012-01-01,2012-12-31
556171,MALARIA_IMPORTED,REGION,EMR,,,YEAR,2010,,,,,,,,,  6 192,6192,,,,2022-04-14T12:41:09Z,2010,2010-01-01,2010-12-31
556179,MALARIA_IMPORTED,COUNTRY,MEX,AMR,Americas,YEAR,2010,,,,,,,,,7,7,,,,2022-02-10T08:19:43Z,2010,2010-01-01,2010-12-31
574929,MALARIA_IMPORTED,COUNTRY,VUT,WPR,Western Pacific,YEAR,2020,,,,,,,,,14,14,,,,2022-02-10T08:19:45Z,2020,2020-01-01,2020-12-31
556296,MALARIA_IMPORTED,REGION,AMR,,,YEAR,2014,,,,,,,,,  12 356,12356,,,,2022-04-14T12:41:09Z,2014,2014-01-01,2014-12-31
556345,MALARIA_IMPORTED,COUNTRY,BOL,AMR,Americas,YEAR,2015,,,,,,,,,33,33,,,,2022-02-10T08:19:41Z,2015,2015-01-01,2015-12-31
556380,MALARIA_IMPORTED,COUNTRY,STP,AFR,Africa,YEAR,2015,,,,,,,,,2,2,,,,2022-02-10T08:19:44Z,2015,2015-01-01,2015-12-31
565217,MALARIA_IMPORTED,COUNTRY,BGD,SEAR,South-East Asia,YEAR,2020,,,,,,,,,2,2,,,,2022-02-10T08:19:41Z,2020,2020-01-01,2020-12-31
565194,MALARIA_IMPORTED,COUNTRY,PHL,WPR,Western Pacific,YEAR,2019,,,,,,,,,95,95,,,,2022-02-10T08:19:44Z,2019,2019-01-01,2019-12-31
556284,MALARIA_IMPORTED,REGION,SEAR,,,YEAR,2013,,,,,,,,,236,236,,,,2022-04-14T12:41:09Z,2013,2013-01-01,2013-12-31
556276,MALARIA_IMPORTED,COUNTRY,KOR,WPR,Western Pacific,YEAR,2013,,,,,,,,,50,50,,,,2022-02-10T08:19:44Z,2013,2013-01-01,2013-12-31
556185,MALARIA_IMPORTED,COUNTRY,TJK,EUR,Europe,YEAR,2010,,,,,,,,,4,4,,,,2022-02-10T08:19:44Z,2010,2010-01-01,2010-12-31
556272,MALARIA_IMPORTED,COUNTRY,GEO,EUR,Europe,YEAR,2013,,,,,,,,,7,7,,,,2022-02-10T08:19:42Z,2013,2013-01-01,2013-12-31
556349,MALARIA_IMPORTED,COUNTRY,CHN,WPR,Western Pacific,YEAR,2015,,,,,,,,,3 212,3212,,,,2022-02-10T08:19:41Z,2015,2015-01-01,2015-12-31
556317,MALARIA_IMPORTED,COUNTRY,KOR,WPR,Western Pacific,YEAR,2014,,,,,,,,,78,78,,,,2022-02-10T08:19:44Z,2014,2014-01-01,2014-12-31
565205,MALARIA_IMPORTED,COUNTRY,TJK,EUR,Europe,YEAR,2019,,,,,,,,,3,3,,,,2022-02-10T08:19:45Z,2019,2019-01-01,2019-12-31
556384,MALARIA_IMPORTED,COUNTRY,TJK,EUR,Europe,YEAR,2015,,,,,,,,,4,4,,,,2022-02-10T08:19:45Z,2015,2015-01-01,2015-12-31
556263,MALARIA_IMPORTED,COUNTRY,BWA,AFR,Africa,YEAR,2013,,,,,,,,,30,30,,,,2022-02-10T08:19:41Z,2013,2013-01-01,2013-12-31
565170,MALARIA_IMPORTED,COUNTRY,CPV,AFR,Africa,YEAR,2019,,,,,,,,,39,39,,,,2022-02-10T08:19:41Z,2019,2019-01-01,2019-12-31
556267,MALARIA_IMPORTED,COUNTRY,DOM,AMR,Americas,YEAR,2013,,,,,,,,,106,106,,,,2022-02-10T08:19:42Z,2013,2013-01-01,2013-12-31
556388,MALARIA_IMPORTED,COUNTRY,UZB,EUR,Europe,YEAR,2015,,,,,,,,,0,0,,,,2022-02-10T08:19:45Z,2015,2015-01-01,2015-12-31
556321,MALARIA_IMPORTED,COUNTRY,MYS,WPR,Western Pacific,YEAR,2014,,,,,,,,,  766,766,,,,2022-02-28T10:57:29Z,2014,2014-01-01,2014-12-31
565212,MALARIA_IMPORTED,REGION,WPR,,,YEAR,2019,,,,,,,,,  9 718,9718,,,,2022-04-14T12:41:09Z,2019,2019-01-01,2019-12-31
556312,MALARIA_IMPORTED,GLOBAL,GLOBAL,,,YEAR,2014,,,,,,,,,  37 453,37453,,,,2022-04-14T12:41:17Z,2014,2014-01-01,2014-12-31
565043,MALARIA_IMPORTED,COUNTRY,ZWE,AFR,Africa,YEAR,2016,,,,,,,,,358,358,,,,2022-02-10T08:19:45Z,2016,2016-01-01,2016-12-31
565214,MALARIA_IMPORTED,REGION,AFR,,,YEAR,2020,,,,,,,,,  33 014,33014,,,,2022-04-14T12:41:09Z,2020,2020-01-01,2020-12-31
565180,MALARIA_IMPORTED,COUNTRY,HND,AMR,Americas,YEAR,2019,,,,,,,,,61,61,,,,2022-02-10T08:19:42Z,2019,2019-01-01,2019-12-31
556253,MALARIA_IMPORTED,COUNTRY,UZB,EUR,Europe,YEAR,2012,,,,,,,,,1,1,,,,2022-02-10T08:19:45Z,2012,2012-01-01,2012-12-31
565068,MALARIA_IMPORTED,COUNTRY,IRN,EMR,Eastern Mediterranean,YEAR,2017,,,,,,,,,868,868,,,,2022-02-10T08:19:43Z,2017,2017-01-01,2017-12-31
556348,MALARIA_IMPORTED,COUNTRY,BWA,AFR,Africa,YEAR,2015,,,,,,,,,48,48,,,,2022-02-10T08:19:41Z,2015,2015-01-01,2015-12-31
556383,MALARIA_IMPORTED,COUNTRY,THA,SEAR,South-East Asia,YEAR,2015,,,,,,,,,9 890,9890,,,,2022-02-10T08:19:45Z,2015,2015-01-01,2015-12-31
556363,MALARIA_IMPORTED,COUNTRY,KGZ,EUR,Europe,YEAR,2015,,,,,,,,,1,1,,,,2022-02-10T08:19:43Z,2015,2015-01-01,2015-12-31
556270,MALARIA_IMPORTED,REGION,EMR,,,YEAR,2013,,,,,,,,,  6 664,6664,,,,2022-04-14T12:41:09Z,2013,2013-01-01,2013-12-31
574928,MALARIA_IMPORTED,COUNTRY,VNM,WPR,Western Pacific,YEAR,2020,,,,,,,,,46,46,,,,2022-02-10T08:19:45Z,2020,2020-01-01,2020-12-31
574918,MALARIA_IMPORTED,COUNTRY,SLV,AMR,Americas,YEAR,2020,,,,,,,,,0,0,,,,2022-02-10T08:19:42Z,2020,2020-01-01,2020-12-31
565243,MALARIA_IMPORTED,COUNTRY,MEX,AMR,Americas,YEAR,2020,,,,,,,,,10,10,,,,2022-02-10T08:19:43Z,2020,2020-01-01,2020-12-31
556264,MALARIA_IMPORTED,COUNTRY,CHN,WPR,Western Pacific,YEAR,2013,,,,,,,,,4 051,4051,,,,2022-02-10T08:19:41Z,2013,2013-01-01,2013-12-31
565172,MALARIA_IMPORTED,COUNTRY,DOM,AMR,Americas,YEAR,2019,,,,,,,,,23,23,,,,2022-02-10T08:19:42Z,2019,2019-01-01,2019-12-31
565015,MALARIA_IMPORTED,COUNTRY,LKA,SEAR,South-East Asia,YEAR,2016,,,,,,,,,41,41,,,,2022-02-10T08:19:44Z,2016,2016-01-01,2016-12-31
565116,MALARIA_IMPORTED,COUNTRY,DZA,AFR,Africa,YEAR,2018,,,,,,,,,1 241,1241,,,,2022-02-10T08:19:40Z,2018,2018-01-01,2018-12-31
556316,MALARIA_IMPORTED,COUNTRY,KGZ,EUR,Europe,YEAR,2014,,,,,,,,,0,0,,,,2022-02-10T08:19:43Z,2014,2014-01-01,2014-12-31
565237,MALARIA_IMPORTED,COUNTRY,IDN,SEAR,South-East Asia,YEAR,2020,,,,,,,,,38,38,,,,2022-02-10T08:19:42Z,2020,2020-01-01,2020-12-31
556278,MALARIA_IMPORTED,COUNTRY,MEX,AMR,Americas,YEAR,2013,,,,,,,,,4,4,,,,2022-02-10T08:19:43Z,2013,2013-01-01,2013-12-31
556265,MALARIA_IMPORTED,COUNTRY,CPV,AFR,Africa,YEAR,2013,,,,,,,,,24,24,,,,2022-02-10T08:19:41Z,2013,2013-01-01,2013-12-31
574914,MALARIA_IMPORTED,COUNTRY,PRY,AMR,Americas,YEAR,2020,,,,,,,,,0,0,,,,2022-02-10T08:19:44Z,2020,2020-01-01,2020-12-31
565060,MALARIA_IMPORTED,COUNTRY,DZA,AFR,Africa,YEAR,2017,,,,,,,,,446,446,,,,2022-02-10T08:19:40Z,2017,2017-01-01,2017-12-31
565235,MALARIA_IMPORTED,COUNTRY,GTM,AMR,Americas,YEAR,2020,,,,,,,,,0,0,,,,2022-02-10T08:19:42Z,2020,2020-01-01,2020-12-31
565087,MALARIA_IMPORTED,COUNTRY,SUR,AMR,Americas,YEAR,2017,,,,,,,,,414,414,,,,2022-02-10T08:19:44Z,2017,2017-01-01,2017-12-31
556320,MALARIA_IMPORTED,COUNTRY,MEX,AMR,Americas,YEAR,2014,,,,,,,,,10,10,,,,2022-02-10T08:19:43Z,2014,2014-01-01,2014-12-31
565046,MALARIA_IMPORTED,COUNTRY,ARG,AMR,Americas,YEAR,2017,,,,,,,,,18,18,,,,2022-02-10T08:19:40Z,2017,2017-01-01,2017-12-31
556196,MALARIA_IMPORTED,COUNTRY,CHN,WPR,Western Pacific,YEAR,2011,,,,,,,,,2 059,2059,,,,2022-02-10T08:19:41Z,2011,2011-01-01,2011-12-31
556202,MALARIA_IMPORTED,REGION,EUR,,,YEAR,2011,,,,,,,,,330,330,,,,2022-04-14T12:41:09Z,2011,2011-01-01,2011-12-31
565012,MALARIA_IMPORTED,COUNTRY,IRN,EMR,Eastern Mediterranean,YEAR,2016,,,,,,,,,611,611,,,,2022-02-10T08:19:43Z,2016,2016-01-01,2016-12-31
565085,MALARIA_IMPORTED,COUNTRY,SLV,AMR,Americas,YEAR,2017,,,,,,,,,3,3,,,,2022-02-10T08:19:42Z,2017,2017-01-01,2017-12-31
565039,MALARIA_IMPORTED,COUNTRY,VEN,AMR,Americas,YEAR,2016,,,,,,,,,1 948,1948,,,,2022-02-10T08:19:45Z,2016,2016-01-01,2016-12-31
565249,MALARIA_IMPORTED,COUNTRY,PAN,AMR,Americas,YEAR,2020,,,,,,,,,13,13,,,,2022-02-10T08:19:43Z,2020,2020-01-01,2020-12-31
565136,MALARIA_IMPORTED,COUNTRY,PHL,WPR,Western Pacific,YEAR,2018,,,,,,,,,82,82,,,,2022-02-10T08:19:44Z,2018,2018-01-01,2018-12-31
556224,MALARIA_IMPORTED,COUNTRY,ARG,AMR,Americas,YEAR,2012,,,,,,,,,16,16,,,,2022-02-10T08:19:40Z,2012,2012-01-01,2012-12-31
565187,MALARIA_IMPORTED,COUNTRY,MEX,AMR,Americas,YEAR,2019,,,,,,,,,22,22,,,,2022-02-10T08:19:43Z,2019,2019-01-01,2019-12-31
565000,MALARIA_IMPORTED,COUNTRY,CPV,AFR,Africa,YEAR,2016,,,,,,,,,27,27,,,,2022-02-10T08:19:41Z,2016,2016-01-01,2016-12-31
556203,MALARIA_IMPORTED,COUNTRY,GEO,EUR,Europe,YEAR,2011,,,,,,,,,5,5,,,,2022-02-10T08:19:42Z,2011,2011-01-01,2011-12-31
574923,MALARIA_IMPORTED,COUNTRY,TJK,EUR,Europe,YEAR,2020,,,,,,,,,0,0,,,,2022-02-10T08:19:45Z,2020,2020-01-01,2020-12-31
556357,MALARIA_IMPORTED,REGION,EUR,,,YEAR,2015,,,,,,,,,468,468,,,,2022-04-14T12:41:09Z,2015,2015-01-01,2015-12-31
556227,MALARIA_IMPORTED,COUNTRY,BLZ,AMR,Americas,YEAR,2012,,,,,,,,,4,4,,,,2022-02-10T08:19:41Z,2012,2012-01-01,2012-12-31
556372,MALARIA_IMPORTED,COUNTRY,PAN,AMR,Americas,YEAR,2015,,,,,,,,,16,16,,,,2022-02-10T08:19:43Z,2015,2015-01-01,2015-12-31
565061,MALARIA_IMPORTED,COUNTRY,ECU,AMR,Americas,YEAR,2017,,,,,,,,,105,105,,,,2022-02-10T08:19:42Z,2017,2017-01-01,2017-12-31
556286,MALARIA_IMPORTED,COUNTRY,SUR,AMR,Americas,YEAR,2013,,,,,,,,,204,204,,,,2022-02-10T08:19:44Z,2013,2013-01-01,2013-12-31
556240,MALARIA_IMPORTED,COUNTRY,KOR,WPR,Western Pacific,YEAR,2012,,,,,,,,,47,47,,,,2022-02-10T08:19:44Z,2012,2012-01-01,2012-12-31
565089,MALARIA_IMPORTED,COUNTRY,THA,SEAR,South-East Asia,YEAR,2017,,,,,,,,,4 020,4020,,,,2022-02-10T08:19:45Z,2017,2017-01-01,2017-12-31
565202,MALARIA_IMPORTED,COUNTRY,SUR,AMR,Americas,YEAR,2019,,,,,,,,,111,111,,,,2022-02-10T08:19:44Z,2019,2019-01-01,2019-12-31
565133,MALARIA_IMPORTED,COUNTRY,NPL,SEAR,South-East Asia,YEAR,2018,,,,,,,,,539,539,,,,2022-02-10T08:19:43Z,2018,2018-01-01,2018-12-31
565126,MALARIA_IMPORTED,COUNTRY,KOR,WPR,Western Pacific,YEAR,2018,,,,,,,,,75,75,,,,2022-02-10T08:19:44Z,2018,2018-01-01,2018-12-31
556197,MALARIA_IMPORTED,COUNTRY,CPV,AFR,Africa,YEAR,2011,,,,,,,,,29,29,,,,2022-02-10T08:19:41Z,2011,2011-01-01,2011-12-31
565117,MALARIA_IMPORTED,COUNTRY,ECU,AMR,Americas,YEAR,2018,,,,,,,,,153,153,,,,2022-02-10T08:19:42Z,2018,2018-01-01,2018-12-31
565054,MALARIA_IMPORTED,COUNTRY,BWA,AFR,Africa,YEAR,2017,,,,,,,,,62,62,,,,2022-02-10T08:19:41Z,2017,2017-01-01,2017-12-31
565236,MALARIA_IMPORTED,COUNTRY,HND,AMR,Americas,YEAR,2020,,,,,,,,,98,98,,,,2022-02-10T08:19:42Z,2020,2020-01-01,2020-12-31
565014,MALARIA_IMPORTED,COUNTRY,KOR,WPR,Western Pacific,YEAR,2016,,,,,,,,,71,71,,,,2022-02-10T08:19:44Z,2016,2016-01-01,2016-12-31
556308,MALARIA_IMPORTED,COUNTRY,DZA,AFR,Africa,YEAR,2014,,,,,,,,,260,260,,,,2022-02-10T08:19:40Z,2014,2014-01-01,2014-12-31
565032,MALARIA_IMPORTED,COUNTRY,SWZ,AFR,Africa,YEAR,2016,,,,,,,,,67,67,,,,2022-02-10T08:19:42Z,2016,2016-01-01,2016-12-31
556336,MALARIA_IMPORTED,COUNTRY,VEN,AMR,Americas,YEAR,2014,,,,,,,,,1 210,1210,,,,2022-02-10T08:19:45Z,2014,2014-01-01,2014-12-31
556194,MALARIA_IMPORTED,COUNTRY,AZE,EUR,Europe,YEAR,2011,,,,,,,,,4,4,,,,2022-02-10T08:19:40Z,2011,2011-01-01,2011-12-31
556282,MALARIA_IMPORTED,COUNTRY,PRY,AMR,Americas,YEAR,2013,,,,,,,,,11,11,,,,2022-02-10T08:19:44Z,2013,2013-01-01,2013-12-31
556246,MALARIA_IMPORTED,COUNTRY,SAU,EMR,Eastern Mediterranean,YEAR,2012,,,,,,,,,3 324,3324,,,,2022-02-10T08:19:44Z,2012,2012-01-01,2012-12-31
556326,MALARIA_IMPORTED,COUNTRY,PRY,AMR,Americas,YEAR,2014,,,,,,,,,8,8,,,,2022-02-10T08:19:44Z,2014,2014-01-01,2014-12-31
565063,MALARIA_IMPORTED,REGION,EUR,,,YEAR,2017,,,,,,,,,460,460,,,,2022-04-14T12:41:09Z,2017,2017-01-01,2017-12-31
556291,MALARIA_IMPORTED,COUNTRY,TZA,AFR,Africa,YEAR,2013,,,,,,,,,719,719,,,,2022-02-10T08:19:45Z,2013,2013-01-01,2013-12-31
556222,MALARIA_IMPORTED,REGION,AFR,,,YEAR,2012,,,,,,,,,  2 126,2126,,,,2022-04-14T12:41:09Z,2012,2012-01-01,2012-12-31
574919,MALARIA_IMPORTED,COUNTRY,STP,AFR,Africa,YEAR,2020,,,,,,,,,11,11,,,,2022-02-10T08:19:44Z,2020,2020-01-01,2020-12-31
556351,MALARIA_IMPORTED,COUNTRY,CPV,AFR,Africa,YEAR,2015,,,,,,,,,21,21,,,,2022-02-10T08:19:41Z,2015,2015-01-01,2015-12-31
556370,MALARIA_IMPORTED,COUNTRY,NIC,AMR,Americas,YEAR,2015,,,,,,,,,29,29,,,,2022-02-10T08:19:43Z,2015,2015-01-01,2015-12-31
565147,MALARIA_IMPORTED,COUNTRY,TJK,EUR,Europe,YEAR,2018,,,,,,,,,1,1,,,,2022-02-10T08:19:45Z,2018,2018-01-01,2018-12-31
556319,MALARIA_IMPORTED,COUNTRY,MDG,AFR,Africa,YEAR,2014,,,,,,,,,712,712,,,,2022-02-10T08:19:43Z,2014,2014-01-01,2014-12-31
556163,MALARIA_IMPORTED,REGION,AFR,,,YEAR,2010,,,,,,,,,  1 264,1264,,,,2022-04-14T12:41:09Z,2010,2010-01-01,2010-12-31
556239,MALARIA_IMPORTED,COUNTRY,KGZ,EUR,Europe,YEAR,2012,,,,,,,,,3,3,,,,2022-02-10T08:19:43Z,2012,2012-01-01,2012-12-31
565198,MALARIA_IMPORTED,REGION,SEAR,,,YEAR,2019,,,,,,,,,  4 160,4160,,,,2022-04-14T12:41:09Z,2019,2019-01-01,2019-12-31
565210,MALARIA_IMPORTED,COUNTRY,VNM,WPR,Western Pacific,YEAR,2019,,,,,,,,,1 565,1565,,,,2022-02-10T08:19:45Z,2019,2019-01-01,2019-12-31
565152,MALARIA_IMPORTED,COUNTRY,VEN,AMR,Americas,YEAR,2018,,,,,,,,,2 125,2125,,,,2022-02-10T08:19:45Z,2018,2018-01-01,2018-12-31
565095,MALARIA_IMPORTED,COUNTRY,VEN,AMR,Americas,YEAR,2017,,,,,,,,,2 941,2941,,,,2022-02-10T08:19:45Z,2017,2017-01-01,2017-12-31
556341,MALARIA_IMPORTED,COUNTRY,ARM,EUR,Europe,YEAR,2015,,,,,,,,,2,2,,,,2022-02-10T08:19:40Z,2015,2015-01-01,2015-12-31
565007,MALARIA_IMPORTED,COUNTRY,GEO,EUR,Europe,YEAR,2016,,,,,,,,,7,7,,,,2022-02-10T08:19:42Z,2016,2016-01-01,2016-12-31
565137,MALARIA_IMPORTED,COUNTRY,PRK,SEAR,South-East Asia,YEAR,2018,,,,,,,,,0,0,,,,2022-02-10T08:19:42Z,2018,2018-01-01,2018-12-31
556181,MALARIA_IMPORTED,COUNTRY,PRY,AMR,Americas,YEAR,2010,,,,,,,,,9,9,,,,2022-02-10T08:19:43Z,2010,2010-01-01,2010-12-31
565051,MALARIA_IMPORTED,COUNTRY,BOL,AMR,Americas,YEAR,2017,,,,,,,,,15,15,,,,2022-02-10T08:19:41Z,2017,2017-01-01,2017-12-31
565229,MALARIA_IMPORTED,COUNTRY,DZA,AFR,Africa,YEAR,2020,,,,,,,,,2 725,2725,,,,2022-02-10T08:19:40Z,2020,2020-01-01,2020-12-31
565197,MALARIA_IMPORTED,COUNTRY,SAU,EMR,Eastern Mediterranean,YEAR,2019,,,,,,,,,2 029,2029,,,,2022-02-10T08:19:44Z,2019,2019-01-01,2019-12-31
565244,MALARIA_IMPORTED,COUNTRY,MMR,SEAR,South-East Asia,YEAR,2020,,,,,,,,,11,11,,,,2022-02-10T08:19:43Z,2020,2020-01-01,2020-12-31
565002,MALARIA_IMPORTED,COUNTRY,DOM,AMR,Americas,YEAR,2016,,,,,,,,,65,65,,,,2022-02-10T08:19:42Z,2016,2016-01-01,2016-12-31
556221,MALARIA_IMPORTED,REGION,WPR,,,YEAR,2011,,,,,,,,,  6 530,6530,,,,2022-04-14T12:41:09Z,2011,2011-01-01,2011-12-31
556334,MALARIA_IMPORTED,COUNTRY,TZA,AFR,Africa,YEAR,2014,,,,,,,,,1 583,1583,,,,2022-02-10T08:19:45Z,2014,2014-01-01,2014-12-31
574926,MALARIA_IMPORTED,COUNTRY,UZB,EUR,Europe,YEAR,2020,,,,,,,,,2,2,,,,2022-02-10T08:19:45Z,2020,2020-01-01,2020-12-31
565138,MALARIA_IMPORTED,COUNTRY,PRY,AMR,Americas,YEAR,2018,,,,,,,,,0,0,,,,2022-02-10T08:19:44Z,2018,2018-01-01,2018-12-31
565103,MALARIA_IMPORTED,COUNTRY,ARM,EUR,Europe,YEAR,2018,,,,,,,,,6,6,,,,2022-02-10T08:19:40Z,2018,2018-01-01,2018-12-31
565161,MALARIA_IMPORTED,COUNTRY,BGD,SEAR,South-East Asia,YEAR,2019,,,,,,,,,6,6,,,,2022-02-10T08:19:41Z,2019,2019-01-01,2019-12-31
556362,MALARIA_IMPORTED,COUNTRY,IRN,EMR,Eastern Mediterranean,YEAR,2015,,,,,,,,,632,632,,,,2022-02-10T08:19:43Z,2015,2015-01-01,2015-12-31
556287,MALARIA_IMPORTED,COUNTRY,SWZ,AFR,Africa,YEAR,2013,,,,,,,,,234,234,,,,2022-02-10T08:19:42Z,2013,2013-01-01,2013-12-31
556301,MALARIA_IMPORTED,COUNTRY,BRA,AMR,Americas,YEAR,2014,,,,,,,,,4 856,4856,,,,2022-02-10T08:19:41Z,2014,2014-01-01,2014-12-31
565144,MALARIA_IMPORTED,COUNTRY,SUR,AMR,Americas,YEAR,2018,,,,,,,,,199,199,,,,2022-02-10T08:19:44Z,2018,2018-01-01,2018-12-31
556279,MALARIA_IMPORTED,COUNTRY,MYS,WPR,Western Pacific,YEAR,2013,,,,,,,,,  865,865,,,,2022-02-28T10:57:29Z,2013,2013-01-01,2013-12-31
565114,MALARIA_IMPORTED,COUNTRY,CRI,AMR,Americas,YEAR,2018,,,,,,,,,38,38,,,,2022-02-10T08:19:42Z,2018,2018-01-01,2018-12-31
564997,MALARIA_IMPORTED,COUNTRY,BWA,AFR,Africa,YEAR,2016,,,,,,,,,64,64,,,,2022-02-10T08:19:41Z,2016,2016-01-01,2016-12-31
556302,MALARIA_IMPORTED,COUNTRY,BTN,SEAR,South-East Asia,YEAR,2014,,,,,,,,,34,34,,,,2022-02-10T08:19:41Z,2014,2014-01-01,2014-12-31
565162,MALARIA_IMPORTED,COUNTRY,BLZ,AMR,Americas,YEAR,2019,,,,,,,,,2,2,,,,2022-02-10T08:19:41Z,2019,2019-01-01,2019-12-31
556347,MALARIA_IMPORTED,COUNTRY,BTN,SEAR,South-East Asia,YEAR,2015,,,,,,,,,70,70,,,,2022-02-10T08:19:41Z,2015,2015-01-01,2015-12-31
565128,MALARIA_IMPORTED,COUNTRY,LKA,SEAR,South-East Asia,YEAR,2018,,,,,,,,,48,48,,,,2022-02-10T08:19:44Z,2018,2018-01-01,2018-12-31
556395,MALARIA_IMPORTED,COUNTRY,ARG,AMR,Americas,YEAR,2016,,,,,,,,,7,7,,,,2022-02-10T08:19:40Z,2016,2016-01-01,2016-12-31
565041,MALARIA_IMPORTED,REGION,WPR,,,YEAR,2016,,,,,,,,,  7 402,7402,,,,2022-04-14T12:41:09Z,2016,2016-01-01,2016-12-31
565208,MALARIA_IMPORTED,COUNTRY,UZB,EUR,Europe,YEAR,2019,,,,,,,,,1,1,,,,2022-02-10T08:19:45Z,2019,2019-01-01,2019-12-31
556266,MALARIA_IMPORTED,COUNTRY,CRI,AMR,Americas,YEAR,2013,,,,,,,,,4,4,,,,2022-02-10T08:19:41Z,2013,2013-01-01,2013-12-31
556176,MALARIA_IMPORTED,COUNTRY,KGZ,EUR,Europe,YEAR,2010,,,,,,,,,3,3,,,,2022-02-10T08:19:43Z,2010,2010-01-01,2010-12-31
565149,MALARIA_IMPORTED,COUNTRY,TLS,SEAR,South-East Asia,YEAR,2018,,,,,,,,,7,7,,,,2022-02-10T08:19:45Z,2018,2018-01-01,2018-12-31
574915,MALARIA_IMPORTED,COUNTRY,SAU,EMR,Eastern Mediterranean,YEAR,2020,,,,,,,,,3 453,3453,,,,2022-02-10T08:19:44Z,2020,2020-01-01,2020-12-31
556394,MALARIA_IMPORTED,REGION,AMR,,,YEAR,2016,,,,,,,,,  17 577,17577,,,,2022-04-14T12:41:09Z,2016,2016-01-01,2016-12-31
574922,MALARIA_IMPORTED,COUNTRY,THA,SEAR,South-East Asia,YEAR,2020,,,,,,,,,798,798,,,,2022-02-10T08:19:45Z,2020,2020-01-01,2020-12-31
565239,MALARIA_IMPORTED,COUNTRY,KHM,WPR,Western Pacific,YEAR,2020,,,,,,,,,0,0,,,,2022-02-10T08:19:41Z,2020,2020-01-01,2020-12-31
565141,MALARIA_IMPORTED,COUNTRY,SEN,AFR,Africa,YEAR,2018,,,,,,,,,292,292,,,,2022-02-10T08:19:44Z,2018,2018-01-01,2018-12-31
556198,MALARIA_IMPORTED,COUNTRY,CRI,AMR,Americas,YEAR,2011,,,,,,,,,6,6,,,,2022-02-10T08:19:41Z,2011,2011-01-01,2011-12-31
565088,MALARIA_IMPORTED,COUNTRY,SWZ,AFR,Africa,YEAR,2017,,,,,,,,,687,687,,,,2022-02-10T08:19:42Z,2017,2017-01-01,2017-12-31
556313,MALARIA_IMPORTED,COUNTRY,GTM,AMR,Americas,YEAR,2014,,,,,,,,,2,2,,,,2022-02-10T08:19:42Z,2014,2014-01-01,2014-12-31
556295,MALARIA_IMPORTED,REGION,AFR,,,YEAR,2014,,,,,,,,,  9 048,9048,,,,2022-04-14T12:41:09Z,2014,2014-01-01,2014-12-31
565077,MALARIA_IMPORTED,COUNTRY,PAN,AMR,Americas,YEAR,2017,,,,,,,,,40,40,,,,2022-02-10T08:19:43Z,2017,2017-01-01,2017-12-31
556292,MALARIA_IMPORTED,COUNTRY,UZB,EUR,Europe,YEAR,2013,,,,,,,,,3,3,,,,2022-02-10T08:19:45Z,2013,2013-01-01,2013-12-31
565139,MALARIA_IMPORTED,COUNTRY,SAU,EMR,Eastern Mediterranean,YEAR,2018,,,,,,,,,2 517,2517,,,,2022-02-10T08:19:44Z,2018,2018-01-01,2018-12-31
556232,MALARIA_IMPORTED,COUNTRY,DZA,AFR,Africa,YEAR,2012,,,,,,,,,828,828,,,,2022-02-10T08:19:40Z,2012,2012-01-01,2012-12-31
565028,MALARIA_IMPORTED,COUNTRY,SEN,AFR,Africa,YEAR,2016,,,,,,,,,0,0,,,,2022-02-10T08:19:44Z,2016,2016-01-01,2016-12-31
565023,MALARIA_IMPORTED,COUNTRY,PHL,WPR,Western Pacific,YEAR,2016,,,,,,,,,53,53,,,,2022-02-10T08:19:44Z,2016,2016-01-01,2016-12-31
565245,MALARIA_IMPORTED,COUNTRY,MYS,WPR,Western Pacific,YEAR,2020,,,,,,,,,177,177,,,,2022-02-10T08:19:43Z,2020,2020-01-01,2020-12-31
565093,MALARIA_IMPORTED,COUNTRY,TUR,EUR,Europe,YEAR,2017,,,,,,,,,214,214,,,,2022-02-10T08:19:45Z,2017,2017-01-01,2017-12-31
564996,MALARIA_IMPORTED,COUNTRY,BTN,SEAR,South-East Asia,YEAR,2016,,,,,,,,,56,56,,,,2022-02-10T08:19:41Z,2016,2016-01-01,2016-12-31
556379,MALARIA_IMPORTED,COUNTRY,SLV,AMR,Americas,YEAR,2015,,,,,,,,,4,4,,,,2022-02-10T08:19:42Z,2015,2015-01-01,2015-12-31
565070,MALARIA_IMPORTED,COUNTRY,KOR,WPR,Western Pacific,YEAR,2017,,,,,,,,,79,79,,,,2022-02-10T08:19:44Z,2017,2017-01-01,2017-12-31
556172,MALARIA_IMPORTED,REGION,EUR,,,YEAR,2010,,,,,,,,,186,186,,,,2022-04-14T12:41:09Z,2010,2010-01-01,2010-12-31
556305,MALARIA_IMPORTED,COUNTRY,CPV,AFR,Africa,YEAR,2014,,,,,,,,,20,20,,,,2022-02-10T08:19:41Z,2014,2014-01-01,2014-12-31
565201,MALARIA_IMPORTED,COUNTRY,STP,AFR,Africa,YEAR,2019,,,,,,,,,10,10,,,,2022-02-10T08:19:44Z,2019,2019-01-01,2019-12-31
574920,MALARIA_IMPORTED,COUNTRY,SUR,AMR,Americas,YEAR,2020,,,,,,,,,88,88,,,,2022-02-10T08:19:44Z,2020,2020-01-01,2020-12-31
556373,MALARIA_IMPORTED,COUNTRY,PHL,WPR,Western Pacific,YEAR,2015,,,,,,,,,85,85,,,,2022-02-10T08:19:44Z,2015,2015-01-01,2015-12-31
556206,MALARIA_IMPORTED,COUNTRY,KGZ,EUR,Europe,YEAR,2011,,,,,,,,,5,5,,,,2022-02-10T08:19:43Z,2011,2011-01-01,2011-12-31
556398,MALARIA_IMPORTED,COUNTRY,BGD,SEAR,South-East Asia,YEAR,2016,,,,,,,,,109,109,,,,2022-02-10T08:19:40Z,2016,2016-01-01,2016-12-31
556397,MALARIA_IMPORTED,COUNTRY,AZE,EUR,Europe,YEAR,2016,,,,,,,,,1,1,,,,2022-02-10T08:19:40Z,2016,2016-01-01,2016-12-31
556381,MALARIA_IMPORTED,COUNTRY,SUR,AMR,Americas,YEAR,2015,,,,,,,,,295,295,,,,2022-02-10T08:19:44Z,2015,2015-01-01,2015-12-31
556241,MALARIA_IMPORTED,COUNTRY,LKA,SEAR,South-East Asia,YEAR,2012,,,,,,,,,70,70,,,,2022-02-10T08:19:44Z,2012,2012-01-01,2012-12-31
556271,MALARIA_IMPORTED,REGION,EUR,,,YEAR,2013,,,,,,,,,558,558,,,,2022-04-14T12:41:09Z,2013,2013-01-01,2013-12-31
556323,MALARIA_IMPORTED,COUNTRY,NPL,SEAR,South-East Asia,YEAR,2014,,,,,,,,,637,637,,,,2022-02-10T08:19:43Z,2014,2014-01-01,2014-12-31
565030,MALARIA_IMPORTED,COUNTRY,STP,AFR,Africa,YEAR,2016,,,,,,,,,0,0,,,,2022-02-10T08:19:44Z,2016,2016-01-01,2016-12-31
556360,MALARIA_IMPORTED,COUNTRY,GTM,AMR,Americas,YEAR,2015,,,,,,,,,2,2,,,,2022-02-10T08:19:42Z,2015,2015-01-01,2015-12-31
556382,MALARIA_IMPORTED,COUNTRY,SWZ,AFR,Africa,YEAR,2015,,,,,,,,,157,157,,,,2022-02-10T08:19:42Z,2015,2015-01-01,2015-12-31
565230,MALARIA_IMPORTED,COUNTRY,ECU,AMR,Americas,YEAR,2020,,,,,,,,,67,67,,,,2022-02-10T08:19:42Z,2020,2020-01-01,2020-12-31
565053,MALARIA_IMPORTED,COUNTRY,BTN,SEAR,South-East Asia,YEAR,2017,,,,,,,,,38,38,,,,2022-02-10T08:19:41Z,2017,2017-01-01,2017-12-31
556195,MALARIA_IMPORTED,COUNTRY,BLZ,AMR,Americas,YEAR,2011,,,,,,,,,7,7,,,,2022-02-10T08:19:41Z,2011,2011-01-01,2011-12-31
565154,MALARIA_IMPORTED,COUNTRY,VUT,WPR,Western Pacific,YEAR,2018,,,,,,,,,12,12,,,,2022-02-10T08:19:45Z,2018,2018-01-01,2018-12-31
556386,MALARIA_IMPORTED,COUNTRY,TUR,EUR,Europe,YEAR,2015,,,,,,,,,221,221,,,,2022-02-10T08:19:45Z,2015,2015-01-01,2015-12-31
565156,MALARIA_IMPORTED,COUNTRY,ZAF,AFR,Africa,YEAR,2018,,,,,,,,,5 742,5742,,,,2022-02-10T08:19:44Z,2018,2018-01-01,2018-12-31
556343,MALARIA_IMPORTED,COUNTRY,BGD,SEAR,South-East Asia,YEAR,2015,,,,,,,,,129,129,,,,2022-02-10T08:19:40Z,2015,2015-01-01,2015-12-31
565225,MALARIA_IMPORTED,COUNTRY,COM,AFR,Africa,YEAR,2020,,,,,,,,,0,0,,,,2022-02-10T08:19:41Z,2020,2020-01-01,2020-12-31
556333,MALARIA_IMPORTED,COUNTRY,TUR,EUR,Europe,YEAR,2014,,,,,,,,,249,249,,,,2022-02-10T08:19:45Z,2014,2014-01-01,2014-12-31
556332,MALARIA_IMPORTED,COUNTRY,TKM,EUR,Europe,YEAR,2014,,,,,,,,,0,0,,,,2022-02-10T08:19:45Z,2014,2014-01-01,2014-12-31
556273,MALARIA_IMPORTED,GLOBAL,GLOBAL,,,YEAR,2013,,,,,,,,,  44 105,44105,,,,2022-04-14T12:41:17Z,2013,2013-01-01,2013-12-31
556342,MALARIA_IMPORTED,COUNTRY,AZE,EUR,Europe,YEAR,2015,,,,,,,,,1,1,,,,2022-02-10T08:19:40Z,2015,2015-01-01,2015-12-31
565233,MALARIA_IMPORTED,COUNTRY,GEO,EUR,Europe,YEAR,2020,,,,,,,,,4,4,,,,2022-02-10T08:19:42Z,2020,2020-01-01,2020-12-31
565124,MALARIA_IMPORTED,COUNTRY,IDN,SEAR,South-East Asia,YEAR,2018,,,,,,,,,11,11,,,,2022-02-10T08:19:42Z,2018,2018-01-01,2018-12-31
574916,MALARIA_IMPORTED,REGION,SEAR,,,YEAR,2020,,,,,,,,,  2 504,2504,,,,2022-04-14T12:41:09Z,2020,2020-01-01,2020-12-31
556188,MALARIA_IMPORTED,COUNTRY,UZB,EUR,Europe,YEAR,2010,,,,,,,,,2,2,,,,2022-02-10T08:19:45Z,2010,2010-01-01,2010-12-31
556318,MALARIA_IMPORTED,COUNTRY,LKA,SEAR,South-East Asia,YEAR,2014,,,,,,,,,49,49,,,,2022-02-10T08:19:44Z,2014,2014-01-01,2014-12-31
565247,MALARIA_IMPORTED,COUNTRY,NIC,AMR,Americas,YEAR,2020,,,,,,,,,25,25,,,,2022-02-10T08:19:43Z,2020,2020-01-01,2020-12-31
565166,MALARIA_IMPORTED,COUNTRY,BWA,AFR,Africa,YEAR,2019,,,,,,,,,103,103,,,,2022-02-10T08:19:41Z,2019,2019-01-01,2019-12-31
565008,MALARIA_IMPORTED,GLOBAL,GLOBAL,,,YEAR,2016,,,,,,,,,  65 819,65819,,,,2022-04-14T12:41:17Z,2016,2016-01-01,2016-12-31
565211,MALARIA_IMPORTED,COUNTRY,VUT,WPR,Western Pacific,YEAR,2019,,,,,,,,,9,9,,,,2022-02-10T08:19:45Z,2019,2019-01-01,2019-12-31
565011,MALARIA_IMPORTED,COUNTRY,HND,AMR,Americas,YEAR,2016,,,,,,,,,3,3,,,,2022-02-10T08:19:42Z,2016,2016-01-01,2016-12-31
556247,MALARIA_IMPORTED,REGION,SEAR,,,YEAR,2012,,,,,,,,,  2 192,2192,,,,2022-04-14T12:41:09Z,2012,2012-01-01,2012-12-31
556261,MALARIA_IMPORTED,COUNTRY,BRA,AMR,Americas,YEAR,2013,,,,,,,,,8 923,8923,,,,2022-02-10T08:19:41Z,2013,2013-01-01,2013-12-31
565059,MALARIA_IMPORTED,COUNTRY,DOM,AMR,Americas,YEAR,2017,,,,,,,,,57,57,,,,2022-02-10T08:19:42Z,2017,2017-01-01,2017-12-31
565206,MALARIA_IMPORTED,COUNTRY,TLS,SEAR,South-East Asia,YEAR,2019,,,,,,,,,9,9,,,,2022-02-10T08:19:45Z,2019,2019-01-01,2019-12-31
565209,MALARIA_IMPORTED,COUNTRY,VEN,AMR,Americas,YEAR,2019,,,,,,,,,1 848,1848,,,,2022-02-10T08:19:45Z,2019,2019-01-01,2019-12-31
565241,MALARIA_IMPORTED,COUNTRY,LAO,WPR,Western Pacific,YEAR,2020,,,,,,,,,4,4,,,,2022-02-10T08:19:43Z,2020,2020-01-01,2020-12-31
565163,MALARIA_IMPORTED,COUNTRY,BOL,AMR,Americas,YEAR,2019,,,,,,,,,19,19,,,,2022-02-10T08:19:41Z,2019,2019-01-01,2019-12-31
565132,MALARIA_IMPORTED,COUNTRY,NIC,AMR,Americas,YEAR,2018,,,,,,,,,17,17,,,,2022-02-10T08:19:43Z,2018,2018-01-01,2018-12-31
565056,MALARIA_IMPORTED,COUNTRY,COL,AMR,Americas,YEAR,2017,,,,,,,,,1 297,1297,,,,2022-02-10T08:19:41Z,2017,2017-01-01,2017-12-31
556281,MALARIA_IMPORTED,COUNTRY,PAN,AMR,Americas,YEAR,2013,,,,,,,,,9,9,,,,2022-02-10T08:19:43Z,2013,2013-01-01,2013-12-31
556365,MALARIA_IMPORTED,COUNTRY,LKA,SEAR,South-East Asia,YEAR,2015,,,,,,,,,36,36,,,,2022-02-10T08:19:44Z,2015,2015-01-01,2015-12-31
565101,MALARIA_IMPORTED,REGION,AMR,,,YEAR,2018,,,,,,,,,  23 284,23284,,,,2022-04-14T12:41:09Z,2018,2018-01-01,2018-12-31
556358,MALARIA_IMPORTED,COUNTRY,GEO,EUR,Europe,YEAR,2015,,,,,,,,,5,5,,,,2022-02-10T08:19:42Z,2015,2015-01-01,2015-12-31
556173,MALARIA_IMPORTED,COUNTRY,GEO,EUR,Europe,YEAR,2010,,,,,,,,,0,0,,,,2022-02-10T08:19:42Z,2010,2010-01-01,2010-12-31
565142,MALARIA_IMPORTED,COUNTRY,SLV,AMR,Americas,YEAR,2018,,,,,,,,,2,2,,,,2022-02-10T08:19:42Z,2018,2018-01-01,2018-12-31
565062,MALARIA_IMPORTED,REGION,EMR,,,YEAR,2017,,,,,,,,,  7 684,7684,,,,2022-04-14T12:41:09Z,2017,2017-01-01,2017-12-31
565035,MALARIA_IMPORTED,COUNTRY,TKM,EUR,Europe,YEAR,2016,,,,,,,,,0,0,,,,2022-02-10T08:19:45Z,2016,2016-01-01,2016-12-31
565242,MALARIA_IMPORTED,COUNTRY,LKA,SEAR,South-East Asia,YEAR,2020,,,,,,,,,30,30,,,,2022-02-10T08:19:44Z,2020,2020-01-01,2020-12-31
565079,MALARIA_IMPORTED,COUNTRY,PHL,WPR,Western Pacific,YEAR,2017,,,,,,,,,69,69,,,,2022-02-10T08:19:44Z,2017,2017-01-01,2017-12-31
565157,MALARIA_IMPORTED,COUNTRY,ZWE,AFR,Africa,YEAR,2018,,,,,,,,,672,672,,,,2022-02-10T08:19:45Z,2018,2018-01-01,2018-12-31
565190,MALARIA_IMPORTED,COUNTRY,NIC,AMR,Americas,YEAR,2019,,,,,,,,,26,26,,,,2022-02-10T08:19:43Z,2019,2019-01-01,2019-12-31
564998,MALARIA_IMPORTED,COUNTRY,CHN,WPR,Western Pacific,YEAR,2016,,,,,,,,,3 149,3149,,,,2022-02-10T08:19:41Z,2016,2016-01-01,2016-12-31
556200,MALARIA_IMPORTED,COUNTRY,ECU,AMR,Americas,YEAR,2011,,,,,,,,,14,14,,,,2022-02-10T08:19:42Z,2011,2011-01-01,2011-12-31
565010,MALARIA_IMPORTED,COUNTRY,GUY,AMR,Americas,YEAR,2016,,,,,,,,,411,411,,,,2022-02-10T08:19:42Z,2016,2016-01-01,2016-12-31
556187,MALARIA_IMPORTED,COUNTRY,TUR,EUR,Europe,YEAR,2010,,,,,,,,,81,81,,,,2022-02-10T08:19:45Z,2010,2010-01-01,2010-12-31
556252,MALARIA_IMPORTED,COUNTRY,TUR,EUR,Europe,YEAR,2012,,,,,,,,,376,376,,,,2022-02-10T08:19:45Z,2012,2012-01-01,2012-12-31
565019,MALARIA_IMPORTED,COUNTRY,NIC,AMR,Americas,YEAR,2016,,,,,,,,,17,17,,,,2022-02-10T08:19:43Z,2016,2016-01-01,2016-12-31
556210,MALARIA_IMPORTED,COUNTRY,MYS,WPR,Western Pacific,YEAR,2011,,,,,,,,,1 142,1142,,,,2022-02-10T08:19:43Z,2011,2011-01-01,2011-12-31
565047,MALARIA_IMPORTED,COUNTRY,ARM,EUR,Europe,YEAR,2017,,,,,,,,,2,2,,,,2022-02-10T08:19:40Z,2017,2017-01-01,2017-12-31
556215,MALARIA_IMPORTED,COUNTRY,SLV,AMR,Americas,YEAR,2011,,,,,,,,,8,8,,,,2022-02-10T08:19:42Z,2011,2011-01-01,2011-12-31
565115,MALARIA_IMPORTED,COUNTRY,DOM,AMR,Americas,YEAR,2018,,,,,,,,,51,51,,,,2022-02-10T08:19:42Z,2018,2018-01-01,2018-12-31
556243,MALARIA_IMPORTED,COUNTRY,MYS,WPR,Western Pacific,YEAR,2012,,,,,,,,,924,924,,,,2022-02-10T08:19:43Z,2012,2012-01-01,2012-12-31
556177,MALARIA_IMPORTED,COUNTRY,KOR,WPR,Western Pacific,YEAR,2010,,,,,,,,,56,56,,,,2022-02-10T08:19:44Z,2010,2010-01-01,2010-12-31
574924,MALARIA_IMPORTED,COUNTRY,TLS,SEAR,South-East Asia,YEAR,2020,,,,,,,,,7,7,,,,2022-02-10T08:19:45Z,2020,2020-01-01,2020-12-31
565140,MALARIA_IMPORTED,REGION,SEAR,,,YEAR,2018,,,,,,,,,  4 596,4596,,,,2022-04-14T12:41:09Z,2018,2018-01-01,2018-12-31
556300,MALARIA_IMPORTED,COUNTRY,BLZ,AMR,Americas,YEAR,2014,,,,,,,,,0,0,,,,2022-02-10T08:19:41Z,2014,2014-01-01,2014-12-31
565090,MALARIA_IMPORTED,COUNTRY,TJK,EUR,Europe,YEAR,2017,,,,,,,,,3,3,,,,2022-02-10T08:19:45Z,2017,2017-01-01,2017-12-31
565234,MALARIA_IMPORTED,GLOBAL,GLOBAL,,,YEAR,2020,,,,,,,,,  54 870,54870,,,,2022-04-14T12:41:18Z,2020,2020-01-01,2020-12-31
556216,MALARIA_IMPORTED,COUNTRY,SWZ,AFR,Africa,YEAR,2011,,,,,,,,,170,170,,,,2022-02-10T08:19:42Z,2011,2011-01-01,2011-12-31
556314,MALARIA_IMPORTED,COUNTRY,HND,AMR,Americas,YEAR,2014,,,,,,,,,2,2,,,,2022-02-10T08:19:42Z,2014,2014-01-01,2014-12-31
556361,MALARIA_IMPORTED,COUNTRY,HND,AMR,Americas,YEAR,2015,,,,,,,,,0,0,,,,2022-02-10T08:19:42Z,2015,2015-01-01,2015-12-31
565076,MALARIA_IMPORTED,COUNTRY,NPL,SEAR,South-East Asia,YEAR,2017,,,,,,,,,670,670,,,,2022-02-10T08:19:43Z,2017,2017-01-01,2017-12-31
556183,MALARIA_IMPORTED,REGION,SEAR,,,YEAR,2010,,,,,,,,,104,104,,,,2022-04-14T12:41:09Z,2010,2010-01-01,2010-12-31
565227,MALARIA_IMPORTED,COUNTRY,CRI,AMR,Americas,YEAR,2020,,,,,,,,,34,34,,,,2022-02-10T08:19:42Z,2020,2020-01-01,2020-12-31
565119,MALARIA_IMPORTED,REGION,EUR,,,YEAR,2018,,,,,,,,,36,36,,,,2022-04-14T12:41:09Z,2018,2018-01-01,2018-12-31
556338,MALARIA_IMPORTED,REGION,AFR,,,YEAR,2015,,,,,,,,,  27 856,27856,,,,2022-04-14T12:41:09Z,2015,2015-01-01,2015-12-31
565193,MALARIA_IMPORTED,COUNTRY,PER,AMR,Americas,YEAR,2019,,,,,,,,,159,159,,,,2022-02-10T08:19:44Z,2019,2019-01-01,2019-12-31
556285,MALARIA_IMPORTED,COUNTRY,SLV,AMR,Americas,YEAR,2013,,,,,,,,,1,1,,,,2022-02-10T08:19:42Z,2013,2013-01-01,2013-12-31
565016,MALARIA_IMPORTED,COUNTRY,MEX,AMR,Americas,YEAR,2016,,,,,,,,,45,45,,,,2022-02-10T08:19:43Z,2016,2016-01-01,2016-12-31
556208,MALARIA_IMPORTED,COUNTRY,LKA,SEAR,South-East Asia,YEAR,2011,,,,,,,,,51,51,,,,2022-02-10T08:19:44Z,2011,2011-01-01,2011-12-31
556352,MALARIA_IMPORTED,COUNTRY,CRI,AMR,Americas,YEAR,2015,,,,,,,,,8,8,,,,2022-02-10T08:19:41Z,2015,2015-01-01,2015-12-31
565174,MALARIA_IMPORTED,COUNTRY,ECU,AMR,Americas,YEAR,2019,,,,,,,,,106,106,,,,2022-02-10T08:19:42Z,2019,2019-01-01,2019-12-31
556204,MALARIA_IMPORTED,GLOBAL,GLOBAL,,,YEAR,2011,,,,,,,,,  18 646,18646,,,,2022-04-14T12:41:17Z,2011,2011-01-01,2011-12-31
565026,MALARIA_IMPORTED,COUNTRY,SAU,EMR,Eastern Mediterranean,YEAR,2016,,,,,,,,,5 110,5110,,,,2022-02-10T08:19:44Z,2016,2016-01-01,2016-12-31
556367,MALARIA_IMPORTED,COUNTRY,MEX,AMR,Americas,YEAR,2015,,,,,,,,,34,34,,,,2022-02-10T08:19:43Z,2015,2015-01-01,2015-12-31
565065,MALARIA_IMPORTED,GLOBAL,GLOBAL,,,YEAR,2017,,,,,,,,,  84 318,84318,,,,2022-04-14T12:41:17Z,2017,2017-01-01,2017-12-31
556223,MALARIA_IMPORTED,REGION,AMR,,,YEAR,2012,,,,,,,,,132,132,,,,2022-04-14T12:41:09Z,2012,2012-01-01,2012-12-31
556164,MALARIA_IMPORTED,REGION,AMR,,,YEAR,2010,,,,,,,,,168,168,,,,2022-04-14T12:41:09Z,2010,2010-01-01,2010-12-31
556174,MALARIA_IMPORTED,GLOBAL,GLOBAL,,,YEAR,2010,,,,,,,,,  13 924,13924,,,,2022-04-14T12:41:17Z,2010,2010-01-01,2010-12-31
556344,MALARIA_IMPORTED,COUNTRY,BLZ,AMR,Americas,YEAR,2015,,,,,,,,,4,4,,,,2022-02-10T08:19:41Z,2015,2015-01-01,2015-12-31
556297,MALARIA_IMPORTED,COUNTRY,ARG,AMR,Americas,YEAR,2014,,,,,,,,,15,15,,,,2022-02-10T08:19:40Z,2014,2014-01-01,2014-12-31
565121,MALARIA_IMPORTED,GLOBAL,GLOBAL,,,YEAR,2018,,,,,,,,,  75 572,75572,,,,2022-04-14T12:41:17Z,2018,2018-01-01,2018-12-31
556214,MALARIA_IMPORTED,REGION,SEAR,,,YEAR,2011,,,,,,,,,  2 260,2260,,,,2022-04-14T12:41:09Z,2011,2011-01-01,2011-12-31
565034,MALARIA_IMPORTED,COUNTRY,TJK,EUR,Europe,YEAR,2016,,,,,,,,,1,1,,,,2022-02-10T08:19:45Z,2016,2016-01-01,2016-12-31
565165,MALARIA_IMPORTED,COUNTRY,BTN,SEAR,South-East Asia,YEAR,2019,,,,,,,,,30,30,,,,2022-02-10T08:19:41Z,2019,2019-01-01,2019-12-31
565111,MALARIA_IMPORTED,COUNTRY,CHN,WPR,Western Pacific,YEAR,2018,,,,,,,,,2 511,2511,,,,2022-02-10T08:19:41Z,2018,2018-01-01,2018-12-31
556229,MALARIA_IMPORTED,COUNTRY,CHN,WPR,Western Pacific,YEAR,2012,,,,,,,,,2 399,2399,,,,2022-02-10T08:19:41Z,2012,2012-01-01,2012-12-31
565069,MALARIA_IMPORTED,COUNTRY,KGZ,EUR,Europe,YEAR,2017,,,,,,,,,2,2,,,,2022-02-10T08:19:43Z,2017,2017-01-01,2017-12-31
565134,MALARIA_IMPORTED,COUNTRY,PAN,AMR,Americas,YEAR,2018,,,,,,,,,31,31,,,,2022-02-10T08:19:43Z,2018,2018-01-01,2018-12-31
565083,MALARIA_IMPORTED,REGION,SEAR,,,YEAR,2017,,,,,,,,,  9 634,9634,,,,2022-04-14T12:41:09Z,2017,2017-01-01,2017-12-31
556217,MALARIA_IMPORTED,COUNTRY,TJK,EUR,Europe,YEAR,2011,,,,,,,,,22,22,,,,2022-02-10T08:19:44Z,2011,2011-01-01,2011-12-31
565050,MALARIA_IMPORTED,COUNTRY,BLZ,AMR,Americas,YEAR,2017,,,,,,,,,2,2,,,,2022-02-10T08:19:41Z,2017,2017-01-01,2017-12-31
556190,MALARIA_IMPORTED,REGION,AFR,,,YEAR,2011,,,,,,,,,874,874,,,,2022-04-14T12:41:09Z,2011,2011-01-01,2011-12-31
556389,MALARIA_IMPORTED,COUNTRY,VEN,AMR,Americas,YEAR,2015,,,,,,,,,1 594,1594,,,,2022-02-10T08:19:45Z,2015,2015-01-01,2015-12-31
556385,MALARIA_IMPORTED,COUNTRY,TKM,EUR,Europe,YEAR,2015,,,,,,,,,0,0,,,,2022-02-10T08:19:45Z,2015,2015-01-01,2015-12-31
556258,MALARIA_IMPORTED,COUNTRY,ARM,EUR,Europe,YEAR,2013,,,,,,,,,0,0,,,,2022-02-10T08:19:40Z,2013,2013-01-01,2013-12-31
556168,MALARIA_IMPORTED,COUNTRY,CHN,WPR,Western Pacific,YEAR,2010,,,,,,,,,2 118,2118,,,,2022-02-10T08:19:41Z,2010,2010-01-01,2010-12-31
565215,MALARIA_IMPORTED,REGION,AMR,,,YEAR,2020,,,,,,,,,  7 980,7980,,,,2022-04-14T12:41:09Z,2020,2020-01-01,2020-12-31
565203,MALARIA_IMPORTED,COUNTRY,SWZ,AFR,Africa,YEAR,2019,,,,,,,,,338,338,,,,2022-02-10T08:19:42Z,2019,2019-01-01,2019-12-31
574917,MALARIA_IMPORTED,COUNTRY,SEN,AFR,Africa,YEAR,2020,,,,,,,,,0,0,,,,2022-02-10T08:19:44Z,2020,2020-01-01,2020-12-31
565184,MALARIA_IMPORTED,COUNTRY,KOR,WPR,Western Pacific,YEAR,2019,,,,,,,,,74,74,,,,2022-02-10T08:19:44Z,2019,2019-01-01,2019-12-31
565094,MALARIA_IMPORTED,COUNTRY,UZB,EUR,Europe,YEAR,2017,,,,,,,,,0,0,,,,2022-02-10T08:19:45Z,2017,2017-01-01,2017-12-31
556250,MALARIA_IMPORTED,COUNTRY,TJK,EUR,Europe,YEAR,2012,,,,,,,,,11,11,,,,2022-02-10T08:19:44Z,2012,2012-01-01,2012-12-31
565057,MALARIA_IMPORTED,COUNTRY,CPV,AFR,Africa,YEAR,2017,,,,,,,,,23,23,,,,2022-02-10T08:19:41Z,2017,2017-01-01,2017-12-31
556178,MALARIA_IMPORTED,COUNTRY,LKA,SEAR,South-East Asia,YEAR,2010,,,,,,,,,52,52,,,,2022-02-10T08:19:44Z,2010,2010-01-01,2010-12-31
565171,MALARIA_IMPORTED,COUNTRY,CRI,AMR,Americas,YEAR,2019,,,,,,,,,45,45,,,,2022-02-10T08:19:42Z,2019,2019-01-01,2019-12-31
565122,MALARIA_IMPORTED,COUNTRY,GTM,AMR,Americas,YEAR,2018,,,,,,,,,3,3,,,,2022-02-10T08:19:42Z,2018,2018-01-01,2018-12-31
564999,MALARIA_IMPORTED,COUNTRY,COL,AMR,Americas,YEAR,2016,,,,,,,,,618,618,,,,2022-02-10T08:19:41Z,2016,2016-01-01,2016-12-31
556201,MALARIA_IMPORTED,REGION,EMR,,,YEAR,2011,,,,,,,,,  8 496,8496,,,,2022-04-14T12:41:09Z,2011,2011-01-01,2011-12-31
565066,MALARIA_IMPORTED,COUNTRY,GTM,AMR,Americas,YEAR,2017,,,,,,,,,3,3,,,,2022-02-10T08:19:42Z,2017,2017-01-01,2017-12-31
556288,MALARIA_IMPORTED,COUNTRY,TJK,EUR,Europe,YEAR,2013,,,,,,,,,10,10,,,,2022-02-10T08:19:44Z,2013,2013-01-01,2013-12-31
565176,MALARIA_IMPORTED,REGION,EUR,,,YEAR,2019,,,,,,,,,24,24,,,,2022-04-14T12:41:09Z,2019,2019-01-01,2019-12-31
565072,MALARIA_IMPORTED,COUNTRY,MEX,AMR,Americas,YEAR,2017,,,,,,,,,29,29,,,,2022-02-10T08:19:43Z,2017,2017-01-01,2017-12-31
565167,MALARIA_IMPORTED,COUNTRY,CHN,WPR,Western Pacific,YEAR,2019,,,,,,,,,2 486,2486,,,,2022-02-10T08:19:41Z,2019,2019-01-01,2019-12-31
565049,MALARIA_IMPORTED,COUNTRY,BGD,SEAR,South-East Asia,YEAR,2017,,,,,,,,,19,19,,,,2022-02-10T08:19:40Z,2017,2017-01-01,2017-12-31
565048,MALARIA_IMPORTED,COUNTRY,AZE,EUR,Europe,YEAR,2017,,,,,,,,,1,1,,,,2022-02-10T08:19:40Z,2017,2017-01-01,2017-12-31
565102,MALARIA_IMPORTED,COUNTRY,ARG,AMR,Americas,YEAR,2018,,,,,,,,,23,23,,,,2022-02-10T08:19:40Z,2018,2018-01-01,2018-12-31
556175,MALARIA_IMPORTED,COUNTRY,IRN,EMR,Eastern Mediterranean,YEAR,2010,,,,,,,,,1 184,1184,,,,2022-02-10T08:19:42Z,2010,2010-01-01,2010-12-31
556219,MALARIA_IMPORTED,COUNTRY,TUR,EUR,Europe,YEAR,2011,,,,,,,,,128,128,,,,2022-02-10T08:19:45Z,2011,2011-01-01,2011-12-31
556366,MALARIA_IMPORTED,COUNTRY,MDG,AFR,Africa,YEAR,2015,,,,,,,,,1 167,1167,,,,2022-02-10T08:19:43Z,2015,2015-01-01,2015-12-31
565195,MALARIA_IMPORTED,COUNTRY,PRK,SEAR,South-East Asia,YEAR,2019,,,,,,,,,0,0,,,,2022-02-10T08:19:42Z,2019,2019-01-01,2019-12-31
565006,MALARIA_IMPORTED,REGION,EUR,,,YEAR,2016,,,,,,,,,450,450,,,,2022-04-14T12:41:09Z,2016,2016-01-01,2016-12-31
556189,MALARIA_IMPORTED,REGION,WPR,,,YEAR,2010,,,,,,,,,  6 010,6010,,,,2022-04-14T12:41:09Z,2010,2010-01-01,2010-12-31
556368,MALARIA_IMPORTED,COUNTRY,MYS,WPR,Western Pacific,YEAR,2015,,,,,,,,,435,435,,,,2022-02-10T08:19:43Z,2015,2015-01-01,2015-12-31
565004,MALARIA_IMPORTED,COUNTRY,ECU,AMR,Americas,YEAR,2016,,,,,,,,,233,233,,,,2022-02-10T08:19:42Z,2016,2016-01-01,2016-12-31
565064,MALARIA_IMPORTED,COUNTRY,GEO,EUR,Europe,YEAR,2017,,,,,,,,,8,8,,,,2022-02-10T08:19:42Z,2017,2017-01-01,2017-12-31
565045,MALARIA_IMPORTED,REGION,AMR,,,YEAR,2017,,,,,,,,,  19 772,19772,,,,2022-04-14T12:41:09Z,2017,2017-01-01,2017-12-31
556396,MALARIA_IMPORTED,COUNTRY,ARM,EUR,Europe,YEAR,2016,,,,,,,,,2,2,,,,2022-02-10T08:19:40Z,2016,2016-01-01,2016-12-31
565148,MALARIA_IMPORTED,COUNTRY,TKM,EUR,Europe,YEAR,2018,,,,,,,,,0,0,,,,2022-02-10T08:19:45Z,2018,2018-01-01,2018-12-31
556290,MALARIA_IMPORTED,COUNTRY,TUR,EUR,Europe,YEAR,2013,,,,,,,,,251,251,,,,2022-02-10T08:19:45Z,2013,2013-01-01,2013-12-31
565109,MALARIA_IMPORTED,COUNTRY,BTN,SEAR,South-East Asia,YEAR,2018,,,,,,,,,34,34,,,,2022-02-10T08:19:41Z,2018,2018-01-01,2018-12-31
565025,MALARIA_IMPORTED,COUNTRY,PRY,AMR,Americas,YEAR,2016,,,,,,,,,10,10,,,,2022-02-10T08:19:44Z,2016,2016-01-01,2016-12-31
565246,MALARIA_IMPORTED,COUNTRY,NAM,AFR,Africa,YEAR,2020,,,,,,,,,1 305,1305,,,,2022-02-10T08:19:43Z,2020,2020-01-01,2020-12-31
556339,MALARIA_IMPORTED,REGION,AMR,,,YEAR,2015,,,,,,,,,  29 688,29688,,,,2022-04-14T12:41:09Z,2015,2015-01-01,2015-12-31
565145,MALARIA_IMPORTED,COUNTRY,SWZ,AFR,Africa,YEAR,2018,,,,,,,,,271,271,,,,2022-02-10T08:19:42Z,2018,2018-01-01,2018-12-31
565071,MALARIA_IMPORTED,COUNTRY,LKA,SEAR,South-East Asia,YEAR,2017,,,,,,,,,57,57,,,,2022-02-10T08:19:44Z,2017,2017-01-01,2017-12-31
565218,MALARIA_IMPORTED,COUNTRY,BLZ,AMR,Americas,YEAR,2020,,,,,,,,,0,0,,,,2022-02-10T08:19:41Z,2020,2020-01-01,2020-12-31
565073,MALARIA_IMPORTED,COUNTRY,MYS,WPR,Western Pacific,YEAR,2017,,,,,,,,,423,423,,,,2022-02-10T08:19:43Z,2017,2017-01-01,2017-12-31
556226,MALARIA_IMPORTED,COUNTRY,AZE,EUR,Europe,YEAR,2012,,,,,,,,,1,1,,,,2022-02-10T08:19:40Z,2012,2012-01-01,2012-12-31
565001,MALARIA_IMPORTED,COUNTRY,CRI,AMR,Americas,YEAR,2016,,,,,,,,,9,9,,,,2022-02-10T08:19:42Z,2016,2016-01-01,2016-12-31
565067,MALARIA_IMPORTED,COUNTRY,HND,AMR,Americas,YEAR,2017,,,,,,,,,17,17,,,,2022-02-10T08:19:42Z,2017,2017-01-01,2017-12-31
556399,MALARIA_IMPORTED,COUNTRY,BLZ,AMR,Americas,YEAR,2016,,,,,,,,,1,1,,,,2022-02-10T08:19:41Z,2016,2016-01-01,2016-12-31
556364,MALARIA_IMPORTED,COUNTRY,KOR,WPR,Western Pacific,YEAR,2015,,,,,,,,,72,72,,,,2022-02-10T08:19:44Z,2015,2015-01-01,2015-12-31
574930,MALARIA_IMPORTED,REGION,WPR,,,YEAR,2020,,,,,,,,,  2 692,2692,,,,2022-04-14T12:41:09Z,2020,2020-01-01,2020-12-31
565091,MALARIA_IMPORTED,COUNTRY,TKM,EUR,Europe,YEAR,2017,,,,,,,,,0,0,,,,2022-02-10T08:19:45Z,2017,2017-01-01,2017-12-31
574921,MALARIA_IMPORTED,COUNTRY,SWZ,AFR,Africa,YEAR,2020,,,,,,,,,82,82,,,,2022-02-10T08:19:42Z,2020,2020-01-01,2020-12-31
574931,MALARIA_IMPORTED,COUNTRY,ZAF,AFR,Africa,YEAR,2020,,,,,,,,,3 663,3663,,,,2022-02-10T08:19:44Z,2020,2020-01-01,2020-12-31
565186,MALARIA_IMPORTED,COUNTRY,LKA,SEAR,South-East Asia,YEAR,2019,,,,,,,,,53,53,,,,2022-02-10T08:19:44Z,2019,2019-01-01,2019-12-31
556330,MALARIA_IMPORTED,COUNTRY,SWZ,AFR,Africa,YEAR,2014,,,,,,,,,322,322,,,,2022-02-10T08:19:42Z,2014,2014-01-01,2014-12-31
556369,MALARIA_IMPORTED,COUNTRY,NAM,AFR,Africa,YEAR,2015,,,,,,,,,2 888,2888,,,,2022-02-10T08:19:43Z,2015,2015-01-01,2015-12-31
565074,MALARIA_IMPORTED,COUNTRY,NAM,AFR,Africa,YEAR,2017,,,,,,,,,11 874,11874,,,,2022-02-10T08:19:43Z,2017,2017-01-01,2017-12-31
565020,MALARIA_IMPORTED,COUNTRY,NPL,SEAR,South-East Asia,YEAR,2016,,,,,,,,,502,502,,,,2022-02-10T08:19:43Z,2016,2016-01-01,2016-12-31
556328,MALARIA_IMPORTED,REGION,SEAR,,,YEAR,2014,,,,,,,,,  1 440,1440,,,,2022-04-14T12:41:09Z,2014,2014-01-01,2014-12-31
565100,MALARIA_IMPORTED,REGION,AFR,,,YEAR,2018,,,,,,,,,  31 726,31726,,,,2022-04-14T12:41:09Z,2018,2018-01-01,2018-12-31
556191,MALARIA_IMPORTED,REGION,AMR,,,YEAR,2011,,,,,,,,,156,156,,,,2022-04-14T12:41:09Z,2011,2011-01-01,2011-12-31
556254,MALARIA_IMPORTED,REGION,WPR,,,YEAR,2012,,,,,,,,,  6 740,6740,,,,2022-04-14T12:41:09Z,2012,2012-01-01,2012-12-31
565044,MALARIA_IMPORTED,REGION,AFR,,,YEAR,2017,,,,,,,,,  40 298,40298,,,,2022-04-14T12:41:09Z,2017,2017-01-01,2017-12-31
565143,MALARIA_IMPORTED,COUNTRY,STP,AFR,Africa,YEAR,2018,,,,,,,,,3,3,,,,2022-02-10T08:19:44Z,2018,2018-01-01,2018-12-31
565108,MALARIA_IMPORTED,COUNTRY,BRA,AMR,Americas,YEAR,2018,,,,,,,,,6 816,6816,,,,2022-02-10T08:19:41Z,2018,2018-01-01,2018-12-31
565112,MALARIA_IMPORTED,COUNTRY,COL,AMR,Americas,YEAR,2018,,,,,,,,,1 948,1948,,,,2022-02-10T08:19:41Z,2018,2018-01-01,2018-12-31
565146,MALARIA_IMPORTED,COUNTRY,THA,SEAR,South-East Asia,YEAR,2018,,,,,,,,,1 618,1618,,,,2022-02-10T08:19:45Z,2018,2018-01-01,2018-12-31
565238,MALARIA_IMPORTED,COUNTRY,IRN,EMR,Eastern Mediterranean,YEAR,2020,,,,,,,,,878,878,,,,2022-02-10T08:19:43Z,2020,2020-01-01,2020-12-31
556335,MALARIA_IMPORTED,COUNTRY,UZB,EUR,Europe,YEAR,2014,,,,,,,,,1,1,,,,2022-02-10T08:19:45Z,2014,2014-01-01,2014-12-31
565027,MALARIA_IMPORTED,REGION,SEAR,,,YEAR,2016,,,,,,,,,  12 864,12864,,,,2022-04-14T12:41:09Z,2016,2016-01-01,2016-12-31
556274,MALARIA_IMPORTED,COUNTRY,IRN,EMR,Eastern Mediterranean,YEAR,2013,,,,,,,,,853,853,,,,2022-02-10T08:19:43Z,2013,2013-01-01,2013-12-31
556268,MALARIA_IMPORTED,COUNTRY,DZA,AFR,Africa,YEAR,2013,,,,,,,,,587,587,,,,2022-02-10T08:19:40Z,2013,2013-01-01,2013-12-31
556212,MALARIA_IMPORTED,COUNTRY,PRY,AMR,Americas,YEAR,2011,,,,,,,,,9,9,,,,2022-02-10T08:19:43Z,2011,2011-01-01,2011-12-31
556307,MALARIA_IMPORTED,COUNTRY,DOM,AMR,Americas,YEAR,2014,,,,,,,,,37,37,,,,2022-02-10T08:19:42Z,2014,2014-01-01,2014-12-31
565113,MALARIA_IMPORTED,COUNTRY,CPV,AFR,Africa,YEAR,2018,,,,,,,,,18,18,,,,2022-02-10T08:19:41Z,2018,2018-01-01,2018-12-31
565250,MALARIA_IMPORTED,COUNTRY,PER,AMR,Americas,YEAR,2020,,,,,,,,,25,25,,,,2022-02-10T08:19:44Z,2020,2020-01-01,2020-12-31
556294,MALARIA_IMPORTED,REGION,WPR,,,YEAR,2013,,,,,,,,,  9 883,9883,,,,2022-04-14T12:41:09Z,2013,2013-01-01,2013-12-31
556275,MALARIA_IMPORTED,COUNTRY,KGZ,EUR,Europe,YEAR,2013,,,,,,,,,4,4,,,,2022-02-10T08:19:43Z,2013,2013-01-01,2013-12-31
565191,MALARIA_IMPORTED,COUNTRY,NPL,SEAR,South-East Asia,YEAR,2019,,,,,,,,,579,579,,,,2022-02-10T08:19:43Z,2019,2019-01-01,2019-12-31
556220,MALARIA_IMPORTED,COUNTRY,UZB,EUR,Europe,YEAR,2011,,,,,,,,,1,1,,,,2022-02-10T08:19:45Z,2011,2011-01-01,2011-12-31
556165,MALARIA_IMPORTED,COUNTRY,ARG,AMR,Americas,YEAR,2010,,,,,,,,,55,55,,,,2022-02-10T08:19:40Z,2010,2010-01-01,2010-12-31
556337,MALARIA_IMPORTED,REGION,WPR,,,YEAR,2014,,,,,,,,,  7 841,7841,,,,2022-04-14T12:41:09Z,2014,2014-01-01,2014-12-31
556192,MALARIA_IMPORTED,COUNTRY,ARG,AMR,Americas,YEAR,2011,,,,,,,,,28,28,,,,2022-02-10T08:19:40Z,2011,2011-01-01,2011-12-31
565204,MALARIA_IMPORTED,COUNTRY,THA,SEAR,South-East Asia,YEAR,2019,,,,,,,,,1 342,1342,,,,2022-02-10T08:19:45Z,2019,2019-01-01,2019-12-31
556375,MALARIA_IMPORTED,COUNTRY,PRY,AMR,Americas,YEAR,2015,,,,,,,,,8,8,,,,2022-02-10T08:19:44Z,2015,2015-01-01,2015-12-31
565003,MALARIA_IMPORTED,COUNTRY,DZA,AFR,Africa,YEAR,2016,,,,,,,,,420,420,,,,2022-02-10T08:19:40Z,2016,2016-01-01,2016-12-31
565107,MALARIA_IMPORTED,COUNTRY,BOL,AMR,Americas,YEAR,2018,,,,,,,,,12,12,,,,2022-02-10T08:19:41Z,2018,2018-01-01,2018-12-31
565168,MALARIA_IMPORTED,COUNTRY,COL,AMR,Americas,YEAR,2019,,,,,,,,,2 306,2306,,,,2022-02-10T08:19:41Z,2019,2019-01-01,2019-12-31
565220,MALARIA_IMPORTED,COUNTRY,BRA,AMR,Americas,YEAR,2020,,,,,,,,,1 807,1807,,,,2022-02-10T08:19:41Z,2020,2020-01-01,2020-12-31
565029,MALARIA_IMPORTED,COUNTRY,SLV,AMR,Americas,YEAR,2016,,,,,,,,,1,1,,,,2022-02-10T08:19:42Z,2016,2016-01-01,2016-12-31
556248,MALARIA_IMPORTED,COUNTRY,SLV,AMR,Americas,YEAR,2012,,,,,,,,,7,7,,,,2022-02-10T08:19:42Z,2012,2012-01-01,2012-12-31
556387,MALARIA_IMPORTED,COUNTRY,TZA,AFR,Africa,YEAR,2015,,,,,,,,,2 550,2550,,,,2022-02-10T08:19:45Z,2015,2015-01-01,2015-12-31
565131,MALARIA_IMPORTED,COUNTRY,NAM,AFR,Africa,YEAR,2018,,,,,,,,,4 021,4021,,,,2022-02-10T08:19:43Z,2018,2018-01-01,2018-12-31
556340,MALARIA_IMPORTED,COUNTRY,ARG,AMR,Americas,YEAR,2015,,,,,,,,,11,11,,,,2022-02-10T08:19:40Z,2015,2015-01-01,2015-12-31
565033,MALARIA_IMPORTED,COUNTRY,THA,SEAR,South-East Asia,YEAR,2016,,,,,,,,,5 724,5724,,,,2022-02-10T08:19:45Z,2016,2016-01-01,2016-12-31
556244,MALARIA_IMPORTED,COUNTRY,NPL,SEAR,South-East Asia,YEAR,2012,,,,,,,,,1 026,1026,,,,2022-02-10T08:19:43Z,2012,2012-01-01,2012-12-31
556233,MALARIA_IMPORTED,COUNTRY,ECU,AMR,Americas,YEAR,2012,,,,,,,,,14,14,,,,2022-02-10T08:19:42Z,2012,2012-01-01,2012-12-31
565058,MALARIA_IMPORTED,COUNTRY,CRI,AMR,Americas,YEAR,2017,,,,,,,,,13,13,,,,2022-02-10T08:19:42Z,2017,2017-01-01,2017-12-31
556393,MALARIA_IMPORTED,REGION,AFR,,,YEAR,2016,,,,,,,,,  16 084,16084,,,,2022-04-14T12:41:09Z,2016,2016-01-01,2016-12-31
565155,MALARIA_IMPORTED,REGION,WPR,,,YEAR,2018,,,,,,,,,  9 692,9692,,,,2022-04-14T12:41:09Z,2018,2018-01-01,2018-12-31
565150,MALARIA_IMPORTED,COUNTRY,TZA,AFR,Africa,YEAR,2018,,,,,,,,,1 754,1754,,,,2022-02-10T08:19:45Z,2018,2018-01-01,2018-12-31
565123,MALARIA_IMPORTED,COUNTRY,HND,AMR,Americas,YEAR,2018,,,,,,,,,21,21,,,,2022-02-10T08:19:42Z,2018,2018-01-01,2018-12-31
565188,MALARIA_IMPORTED,COUNTRY,MYS,WPR,Western Pacific,YEAR,2019,,,,,,,,,630,630,,,,2022-02-10T08:19:43Z,2019,2019-01-01,2019-12-31
556354,MALARIA_IMPORTED,COUNTRY,DZA,AFR,Africa,YEAR,2015,,,,,,,,,727,727,,,,2022-02-10T08:19:40Z,2015,2015-01-01,2015-12-31
556315,MALARIA_IMPORTED,COUNTRY,IRN,EMR,Eastern Mediterranean,YEAR,2014,,,,,,,,,867,867,,,,2022-02-10T08:19:43Z,2014,2014-01-01,2014-12-31
556257,MALARIA_IMPORTED,COUNTRY,ARG,AMR,Americas,YEAR,2013,,,,,,,,,11,11,,,,2022-02-10T08:19:40Z,2013,2013-01-01,2013-12-31
556255,MALARIA_IMPORTED,REGION,AFR,,,YEAR,2013,,,,,,,,,  4 768,4768,,,,2022-04-14T12:41:09Z,2013,2013-01-01,2013-12-31
565221,MALARIA_IMPORTED,COUNTRY,BTN,SEAR,South-East Asia,YEAR,2020,,,,,,,,,9,9,,,,2022-02-10T08:19:41Z,2020,2020-01-01,2020-12-31
565129,MALARIA_IMPORTED,COUNTRY,MEX,AMR,Americas,YEAR,2018,,,,,,,,,23,23,,,,2022-02-10T08:19:43Z,2018,2018-01-01,2018-12-31
574913,MALARIA_IMPORTED,COUNTRY,PRK,SEAR,South-East Asia,YEAR,2020,,,,,,,,,0,0,,,,2022-02-10T08:19:42Z,2020,2020-01-01,2020-12-31
556353,MALARIA_IMPORTED,COUNTRY,DOM,AMR,Americas,YEAR,2015,,,,,,,,,30,30,,,,2022-02-10T08:19:42Z,2015,2015-01-01,2015-12-31
565105,MALARIA_IMPORTED,COUNTRY,BGD,SEAR,South-East Asia,YEAR,2018,,,,,,,,,41,41,,,,2022-02-10T08:19:41Z,2018,2018-01-01,2018-12-31
565017,MALARIA_IMPORTED,COUNTRY,MYS,WPR,Western Pacific,YEAR,2016,,,,,,,,,428,428,,,,2022-02-10T08:19:43Z,2016,2016-01-01,2016-12-31
565031,MALARIA_IMPORTED,COUNTRY,SUR,AMR,Americas,YEAR,2016,,,,,,,,,251,251,,,,2022-02-10T08:19:44Z,2016,2016-01-01,2016-12-31
556169,MALARIA_IMPORTED,COUNTRY,CRI,AMR,Americas,YEAR,2010,,,,,,,,,4,4,,,,2022-02-10T08:19:41Z,2010,2010-01-01,2010-12-31
556356,MALARIA_IMPORTED,REGION,EMR,,,YEAR,2015,,,,,,,,,  6 338,6338,,,,2022-04-14T12:41:09Z,2015,2015-01-01,2015-12-31
556346,MALARIA_IMPORTED,COUNTRY,BRA,AMR,Americas,YEAR,2015,,,,,,,,,4 932,4932,,,,2022-02-10T08:19:41Z,2015,2015-01-01,2015-12-31
565118,MALARIA_IMPORTED,REGION,EMR,,,YEAR,2018,,,,,,,,,  6 238,6238,,,,2022-04-14T12:41:09Z,2018,2018-01-01,2018-12-31
565036,MALARIA_IMPORTED,COUNTRY,TLS,SEAR,South-East Asia,YEAR,2016,,,,,,,,,0,0,,,,2022-02-10T08:19:45Z,2016,2016-01-01,2016-12-31
556260,MALARIA_IMPORTED,COUNTRY,BLZ,AMR,Americas,YEAR,2013,,,,,,,,,4,4,,,,2022-02-10T08:19:41Z,2013,2013-01-01,2013-12-31
564995,MALARIA_IMPORTED,COUNTRY,BRA,AMR,Americas,YEAR,2016,,,,,,,,, 5 067,5067,,,,2022-02-28T10:57:29Z,2016,2016-01-01,2016-12-31
556371,MALARIA_IMPORTED,COUNTRY,NPL,SEAR,South-East Asia,YEAR,2015,,,,,,,,,521,521,,,,2022-02-10T08:19:43Z,2015,2015-01-01,2015-12-31
565216,MALARIA_IMPORTED,COUNTRY,ARM,EUR,Europe,YEAR,2020,,,,,,,,,3,3,,,,2022-02-10T08:19:40Z,2020,2020-01-01,2020-12-31
565200,MALARIA_IMPORTED,COUNTRY,SLV,AMR,Americas,YEAR,2019,,,,,,,,,3,3,,,,2022-02-10T08:19:42Z,2019,2019-01-01,2019-12-31
556304,MALARIA_IMPORTED,COUNTRY,CHN,WPR,Western Pacific,YEAR,2014,,,,,,,,,3 026,3026,,,,2022-02-10T08:19:41Z,2014,2014-01-01,2014-12-31
556303,MALARIA_IMPORTED,COUNTRY,BWA,AFR,Africa,YEAR,2014,,,,,,,,,30,30,,,,2022-02-10T08:19:41Z,2014,2014-01-01,2014-12-31
556231,MALARIA_IMPORTED,COUNTRY,CRI,AMR,Americas,YEAR,2012,,,,,,,,,1,1,,,,2022-02-10T08:19:41Z,2012,2012-01-01,2012-12-31
556280,MALARIA_IMPORTED,COUNTRY,NIC,AMR,Americas,YEAR,2013,,,,,,,,,34,34,,,,2022-02-10T08:19:43Z,2013,2013-01-01,2013-12-31
556309,MALARIA_IMPORTED,REGION,EMR,,,YEAR,2014,,,,,,,,,  6 242,6242,,,,2022-04-14T12:41:09Z,2014,2014-01-01,2014-12-31
556237,MALARIA_IMPORTED,GLOBAL,GLOBAL,,,YEAR,2012,,,,,,,,,  20 322,20322,,,,2022-04-14T12:41:17Z,2012,2012-01-01,2012-12-31
556331,MALARIA_IMPORTED,COUNTRY,TJK,EUR,Europe,YEAR,2014,,,,,,,,,5,5,,,,2022-02-10T08:19:45Z,2014,2014-01-01,2014-12-31
565213,MALARIA_IMPORTED,COUNTRY,ZAF,AFR,Africa,YEAR,2019,,,,,,,,,8 890,8890,,,,2022-02-10T08:19:44Z,2019,2019-01-01,2019-12-31
556236,MALARIA_IMPORTED,COUNTRY,GEO,EUR,Europe,YEAR,2012,,,,,,,,,4,4,,,,2022-02-10T08:19:42Z,2012,2012-01-01,2012-12-31
565120,MALARIA_IMPORTED,COUNTRY,GEO,EUR,Europe,YEAR,2018,,,,,,,,,9,9,,,,2022-02-10T08:19:42Z,2018,2018-01-01,2018-12-31
556325,MALARIA_IMPORTED,COUNTRY,PHL,WPR,Western Pacific,YEAR,2014,,,,,,,,,68,68,,,,2022-02-10T08:19:44Z,2014,2014-01-01,2014-12-31
565240,MALARIA_IMPORTED,COUNTRY,KOR,WPR,Western Pacific,YEAR,2020,,,,,,,,,29,29,,,,2022-02-10T08:19:44Z,2020,2020-01-01,2020-12-31
565013,MALARIA_IMPORTED,COUNTRY,KGZ,EUR,Europe,YEAR,2016,,,,,,,,,6,6,,,,2022-02-10T08:19:43Z,2016,2016-01-01,2016-12-31
556327,MALARIA_IMPORTED,COUNTRY,SAU,EMR,Eastern Mediterranean,YEAR,2014,,,,,,,,,2 254,2254,,,,2022-02-10T08:19:44Z,2014,2014-01-01,2014-12-31
556322,MALARIA_IMPORTED,COUNTRY,NIC,AMR,Americas,YEAR,2014,,,,,,,,,21,21,,,,2022-02-10T08:19:43Z,2014,2014-01-01,2014-12-31
565158,MALARIA_IMPORTED,REGION,AFR,,,YEAR,2019,,,,,,,,,  36 418,36418,,,,2022-04-14T12:41:09Z,2019,2019-01-01,2019-12-31
565231,MALARIA_IMPORTED,REGION,EMR,,,YEAR,2020,,,,,,,,,  8 662,8662,,,,2022-04-14T12:41:09Z,2020,2020-01-01,2020-12-31
574927,MALARIA_IMPORTED,COUNTRY,VEN,AMR,Americas,YEAR,2020,,,,,,,,,1 356,1356,,,,2022-02-10T08:19:45Z,2020,2020-01-01,2020-12-31
556182,MALARIA_IMPORTED,COUNTRY,SAU,EMR,Eastern Mediterranean,YEAR,2010,,,,,,,,,1 912,1912,,,,2022-02-10T08:19:44Z,2010,2010-01-01,2010-12-31
556167,MALARIA_IMPORTED,COUNTRY,AZE,EUR,Europe,YEAR,2010,,,,,,,,,2,2,,,,2022-02-10T08:19:40Z,2010,2010-01-01,2010-12-31
565084,MALARIA_IMPORTED,COUNTRY,SEN,AFR,Africa,YEAR,2017,,,,,,,,,0,0,,,,2022-02-10T08:19:44Z,2017,2017-01-01,2017-12-31
556249,MALARIA_IMPORTED,COUNTRY,SWZ,AFR,Africa,YEAR,2012,,,,,,,,,153,153,,,,2022-02-10T08:19:42Z,2012,2012-01-01,2012-12-31
556225,MALARIA_IMPORTED,COUNTRY,ARM,EUR,Europe,YEAR,2012,,,,,,,,,4,4,,,,2022-02-10T08:19:40Z,2012,2012-01-01,2012-12-31
556299,MALARIA_IMPORTED,COUNTRY,AZE,EUR,Europe,YEAR,2014,,,,,,,,,2,2,,,,2022-02-10T08:19:40Z,2014,2014-01-01,2014-12-31
565179,MALARIA_IMPORTED,COUNTRY,GTM,AMR,Americas,YEAR,2019,,,,,,,,,3,3,,,,2022-02-10T08:19:42Z,2019,2019-01-01,2019-12-31
556378,MALARIA_IMPORTED,COUNTRY,SEN,AFR,Africa,YEAR,2015,,,,,,,,,0,0,,,,2022-02-10T08:19:44Z,2015,2015-01-01,2015-12-31
565173,MALARIA_IMPORTED,COUNTRY,DZA,AFR,Africa,YEAR,2019,,,,,,,,,1 014,1014,,,,2022-02-10T08:19:40Z,2019,2019-01-01,2019-12-31
565110,MALARIA_IMPORTED,COUNTRY,BWA,AFR,Africa,YEAR,2018,,,,,,,,,51,51,,,,2022-02-10T08:19:41Z,2018,2018-01-01,2018-12-31
556213,MALARIA_IMPORTED,COUNTRY,SAU,EMR,Eastern Mediterranean,YEAR,2011,,,,,,,,,2 719,2719,,,,2022-02-10T08:19:44Z,2011,2011-01-01,2011-12-31
556186,MALARIA_IMPORTED,COUNTRY,TKM,EUR,Europe,YEAR,2010,,,,,,,,,0,0,,,,2022-02-10T08:19:45Z,2010,2010-01-01,2010-12-31
556324,MALARIA_IMPORTED,COUNTRY,PAN,AMR,Americas,YEAR,2014,,,,,,,,,10,10,,,,2022-02-10T08:19:43Z,2014,2014-01-01,2014-12-31
565021,MALARIA_IMPORTED,COUNTRY,PAN,AMR,Americas,YEAR,2016,,,,,,,,,42,42,,,,2022-02-10T08:19:43Z,2016,2016-01-01,2016-12-31
556256,MALARIA_IMPORTED,REGION,AMR,,,YEAR,2013,,,,,,,,,  21 996,21996,,,,2022-04-14T12:41:09Z,2013,2013-01-01,2013-12-31
556306,MALARIA_IMPORTED,COUNTRY,CRI,AMR,Americas,YEAR,2014,,,,,,,,,5,5,,,,2022-02-10T08:19:41Z,2014,2014-01-01,2014-12-31
565185,MALARIA_IMPORTED,COUNTRY,LAO,WPR,Western Pacific,YEAR,2019,,,,,,,,,0,0,,,,2022-02-10T08:19:43Z,2019,2019-01-01,2019-12-31
556269,MALARIA_IMPORTED,COUNTRY,ECU,AMR,Americas,YEAR,2013,,,,,,,,,10,10,,,,2022-02-10T08:19:42Z,2013,2013-01-01,2013-12-31
565159,MALARIA_IMPORTED,REGION,AMR,,,YEAR,2019,,,,,,,,,  17 818,17818,,,,2022-04-14T12:41:09Z,2019,2019-01-01,2019-12-31
565099,MALARIA_IMPORTED,COUNTRY,ZWE,AFR,Africa,YEAR,2017,,,,,,,,,768,768,,,,2022-02-10T08:19:45Z,2017,2017-01-01,2017-12-31
565038,MALARIA_IMPORTED,COUNTRY,UZB,EUR,Europe,YEAR,2016,,,,,,,,,0,0,,,,2022-02-10T08:19:45Z,2016,2016-01-01,2016-12-31
565096,MALARIA_IMPORTED,COUNTRY,VUT,WPR,Western Pacific,YEAR,2017,,,,,,,,,1,1,,,,2022-02-10T08:19:45Z,2017,2017-01-01,2017-12-31
565080,MALARIA_IMPORTED,COUNTRY,PRK,SEAR,South-East Asia,YEAR,2017,,,,,,,,,0,0,,,,2022-02-10T08:19:42Z,2017,2017-01-01,2017-12-31
556235,MALARIA_IMPORTED,REGION,EUR,,,YEAR,2012,,,,,,,,,800,800,,,,2022-04-14T12:41:09Z,2012,2012-01-01,2012-12-31
565177,MALARIA_IMPORTED,COUNTRY,GEO,EUR,Europe,YEAR,2019,,,,,,,,,8,8,,,,2022-02-10T08:19:42Z,2019,2019-01-01,2019-12-31
565097,MALARIA_IMPORTED,REGION,WPR,,,YEAR,2017,,,,,,,,,  6 470,6470,,,,2022-04-14T12:41:09Z,2017,2017-01-01,2017-12-31
565104,MALARIA_IMPORTED,COUNTRY,AZE,EUR,Europe,YEAR,2018,,,,,,,,,2,2,,,,2022-02-10T08:19:40Z,2018,2018-01-01,2018-12-31
565223,MALARIA_IMPORTED,COUNTRY,CHN,WPR,Western Pacific,YEAR,2020,,,,,,,,,1 050,1050,,,,2022-02-10T08:19:41Z,2020,2020-01-01,2020-12-31
556234,MALARIA_IMPORTED,REGION,EMR,,,YEAR,2012,,,,,,,,,  8 332,8332,,,,2022-04-14T12:41:09Z,2012,2012-01-01,2012-12-31
556199,MALARIA_IMPORTED,COUNTRY,DZA,AFR,Africa,YEAR,2011,,,,,,,,,187,187,,,,2022-02-10T08:19:40Z,2011,2011-01-01,2011-12-31
565183,MALARIA_IMPORTED,COUNTRY,KHM,WPR,Western Pacific,YEAR,2019,,,,,,,,,0,0,,,,2022-02-10T08:19:41Z,2019,2019-01-01,2019-12-31
565037,MALARIA_IMPORTED,COUNTRY,TUR,EUR,Europe,YEAR,2016,,,,,,,,,208,208,,,,2022-02-10T08:19:45Z,2016,2016-01-01,2016-12-31
565175,MALARIA_IMPORTED,REGION,EMR,,,YEAR,2019,,,,,,,,,  6 272,6272,,,,2022-04-14T12:41:09Z,2019,2019-01-01,2019-12-31
556193,MALARIA_IMPORTED,COUNTRY,ARM,EUR,Europe,YEAR,2011,,,,,,,,,0,0,,,,2022-02-10T08:19:40Z,2011,2011-01-01,2011-12-31
565181,MALARIA_IMPORTED,COUNTRY,IDN,SEAR,South-East Asia,YEAR,2019,,,,,,,,,61,61,,,,2022-02-10T08:19:42Z,2019,2019-01-01,2019-12-31
565098,MALARIA_IMPORTED,COUNTRY,ZAF,AFR,Africa,YEAR,2017,,,,,,,,,6 234,6234,,,,2022-02-10T08:19:44Z,2017,2017-01-01,2017-12-31
556390,MALARIA_IMPORTED,REGION,WPR,,,YEAR,2015,,,,,,,,,  7 608,7608,,,,2022-04-14T12:41:09Z,2015,2015-01-01,2015-12-31
565086,MALARIA_IMPORTED,COUNTRY,STP,AFR,Africa,YEAR,2017,,,,,,,,,2,2,,,,2022-02-10T08:19:44Z,2017,2017-01-01,2017-12-31
556374,MALARIA_IMPORTED,COUNTRY,PRK,SEAR,South-East Asia,YEAR,2015,,,,,,,,,0,0,,,,2022-02-10T08:19:42Z,2015,2015-01-01,2015-12-31
556377,MALARIA_IMPORTED,REGION,SEAR,,,YEAR,2015,,,,,,,,,  21 292,21292,,,,2022-04-14T12:41:09Z,2015,2015-01-01,2015-12-31
556376,MALARIA_IMPORTED,COUNTRY,SAU,EMR,Eastern Mediterranean,YEAR,2015,,,,,,,,,2 537,2537,,,,2022-02-10T08:19:44Z,2015,2015-01-01,2015-12-31
565207,MALARIA_IMPORTED,COUNTRY,TZA,AFR,Africa,YEAR,2019,,,,,,,,,3 286,3286,,,,2022-02-10T08:19:45Z,2019,2019-01-01,2019-12-31
565005,MALARIA_IMPORTED,REGION,EMR,,,YEAR,2016,,,,,,,,,  11 442,11442,,,,2022-04-14T12:41:09Z,2016,2016-01-01,2016-12-31
556350,MALARIA_IMPORTED,COUNTRY,COL,AMR,Americas,YEAR,2015,,,,,,,,,7 785,7785,,,,2022-02-10T08:19:41Z,2015,2015-01-01,2015-12-31
565228,MALARIA_IMPORTED,COUNTRY,DOM,AMR,Americas,YEAR,2020,,,,,,,,,3,3,,,,2022-02-10T08:19:42Z,2020,2020-01-01,2020-12-31
556228,MALARIA_IMPORTED,COUNTRY,BTN,SEAR,South-East Asia,YEAR,2012,,,,,,,,,0,0,,,,2022-02-10T08:19:41Z,2012,2012-01-01,2012-12-31
556392,MALARIA_IMPORTED,COUNTRY,ZWE,AFR,Africa,YEAR,2015,,,,,,,,,180,180,,,,2022-02-10T08:19:45Z,2015,2015-01-01,2015-12-31
565009,MALARIA_IMPORTED,COUNTRY,GTM,AMR,Americas,YEAR,2016,,,,,,,,,1,1,,,,2022-02-10T08:19:42Z,2016,2016-01-01,2016-12-31
565106,MALARIA_IMPORTED,COUNTRY,BLZ,AMR,Americas,YEAR,2018,,,,,,,,,4,4,,,,2022-02-10T08:19:41Z,2018,2018-01-01,2018-12-31
565082,MALARIA_IMPORTED,COUNTRY,SAU,EMR,Eastern Mediterranean,YEAR,2017,,,,,,,,,2 974,2974,,,,2022-02-10T08:19:44Z,2017,2017-01-01,2017-12-31
565222,MALARIA_IMPORTED,COUNTRY,BWA,AFR,Africa,YEAR,2020,,,,,,,,,69,69,,,,2022-02-10T08:19:41Z,2020,2020-01-01,2020-12-31
556391,MALARIA_IMPORTED,COUNTRY,ZAF,AFR,Africa,YEAR,2015,,,,,,,,,3 568,3568,,,,2022-02-10T08:19:44Z,2015,2015-01-01,2015-12-31
564994,MALARIA_IMPORTED,COUNTRY,BOL,AMR,Americas,YEAR,2016,,,,,,,,,11,11,,,,2022-02-10T08:19:41Z,2016,2016-01-01,2016-12-31
565130,MALARIA_IMPORTED,COUNTRY,MYS,WPR,Western Pacific,YEAR,2018,,,,,,,,,485,485,,,,2022-02-10T08:19:43Z,2018,2018-01-01,2018-12-31
556180,MALARIA_IMPORTED,COUNTRY,MYS,WPR,Western Pacific,YEAR,2010,,,,,,,,,831,831,,,,2022-02-10T08:19:43Z,2010,2010-01-01,2010-12-31
556209,MALARIA_IMPORTED,COUNTRY,MEX,AMR,Americas,YEAR,2011,,,,,,,,,6,6,,,,2022-02-10T08:19:43Z,2011,2011-01-01,2011-12-31
565040,MALARIA_IMPORTED,COUNTRY,VUT,WPR,Western Pacific,YEAR,2016,,,,,,,,,0,0,,,,2022-02-10T08:19:45Z,2016,2016-01-01,2016-12-31
565024,MALARIA_IMPORTED,COUNTRY,PRK,SEAR,South-East Asia,YEAR,2016,,,,,,,,,0,0,,,,2022-02-10T08:19:42Z,2016,2016-01-01,2016-12-31
574912,MALARIA_IMPORTED,COUNTRY,PHL,WPR,Western Pacific,YEAR,2020,,,,,,,,,26,26,,,,2022-02-10T08:19:44Z,2020,2020-01-01,2020-12-31
565226,MALARIA_IMPORTED,COUNTRY,CPV,AFR,Africa,YEAR,2020,,,,,,,,,10,10,,,,2022-02-10T08:19:41Z,2020,2020-01-01,2020-12-31
556310,MALARIA_IMPORTED,REGION,EUR,,,YEAR,2014,,,,,,,,,526,526,,,,2022-04-14T12:41:09Z,2014,2014-01-01,2014-12-31
556184,MALARIA_IMPORTED,COUNTRY,SLV,AMR,Americas,YEAR,2010,,,,,,,,,9,9,,,,2022-02-10T08:19:42Z,2010,2010-01-01,2010-12-31
556311,MALARIA_IMPORTED,COUNTRY,GEO,EUR,Europe,YEAR,2014,,,,,,,,,5,5,,,,2022-02-10T08:19:42Z,2014,2014-01-01,2014-12-31
556211,MALARIA_IMPORTED,COUNTRY,NPL,SEAR,South-East Asia,YEAR,2011,,,,,,,,,1 079,1079,,,,2022-02-10T08:19:43Z,2011,2011-01-01,2011-12-31
556166,MALARIA_IMPORTED,COUNTRY,ARM,EUR,Europe,YEAR,2010,,,,,,,,,1,1,,,,2022-02-10T08:19:40Z,2010,2010-01-01,2010-12-31
565189,MALARIA_IMPORTED,COUNTRY,NAM,AFR,Africa,YEAR,2019,,,,,,,,,1 064,1064,,,,2022-02-10T08:19:43Z,2019,2019-01-01,2019-12-31
565153,MALARIA_IMPORTED,COUNTRY,VNM,WPR,Western Pacific,YEAR,2018,,,,,,,,,1 681,1681,,,,2022-02-10T08:19:45Z,2018,2018-01-01,2018-12-31
565018,MALARIA_IMPORTED,COUNTRY,NAM,AFR,Africa,YEAR,2016,,,,,,,,,3 980,3980,,,,2022-02-10T08:19:43Z,2016,2016-01-01,2016-12-31
565178,MALARIA_IMPORTED,GLOBAL,GLOBAL,,,YEAR,2019,,,,,,,,,  74 410,74410,,,,2022-04-14T12:41:18Z,2019,2019-01-01,2019-12-31
565092,MALARIA_IMPORTED,COUNTRY,TLS,SEAR,South-East Asia,YEAR,2017,,,,,,,,,13,13,,,,2022-02-10T08:19:45Z,2017,2017-01-01,2017-12-31
565160,MALARIA_IMPORTED,COUNTRY,AZE,EUR,Europe,YEAR,2019,,,,,,,,,0,0,,,,2022-02-10T08:19:40Z,2019,2019-01-01,2019-12-31
565055,MALARIA_IMPORTED,COUNTRY,CHN,WPR,Western Pacific,YEAR,2017,,,,,,,,,2 663,2663,,,,2022-02-10T08:19:41Z,2017,2017-01-01,2017-12-31
556355,MALARIA_IMPORTED,COUNTRY,ECU,AMR,Americas,YEAR,2015,,,,,,,,,59,59,,,,2022-02-10T08:19:42Z,2015,2015-01-01,2015-12-31
556230,MALARIA_IMPORTED,COUNTRY,CPV,AFR,Africa,YEAR,2012,,,,,,,,,35,35,,,,2022-02-10T08:19:41Z,2012,2012-01-01,2012-12-31
556298,MALARIA_IMPORTED,COUNTRY,ARM,EUR,Europe,YEAR,2014,,,,,,,,,1,1,,,,2022-02-10T08:19:40Z,2014,2014-01-01,2014-12-31
565042,MALARIA_IMPORTED,COUNTRY,ZAF,AFR,Africa,YEAR,2016,,,,,,,,,3 075,3075,,,,2022-02-10T08:19:44Z,2016,2016-01-01,2016-12-31
556262,MALARIA_IMPORTED,COUNTRY,BTN,SEAR,South-East Asia,YEAR,2013,,,,,,,,,23,23,,,,2022-02-10T08:19:41Z,2013,2013-01-01,2013-12-31
565192,MALARIA_IMPORTED,COUNTRY,PAN,AMR,Americas,YEAR,2019,,,,,,,,,17,17,,,,2022-02-10T08:19:43Z,2019,2019-01-01,2019-12-31
565232,MALARIA_IMPORTED,REGION,EUR,,,YEAR,2020,,,,,,,,,18,18,,,,2022-04-14T12:41:09Z,2020,2020-01-01,2020-12-31
556329,MALARIA_IMPORTED,COUNTRY,SLV,AMR,Americas,YEAR,2014,,,,,,,,,2,2,,,,2022-02-10T08:19:42Z,2014,2014-01-01,2014-12-31
565081,MALARIA_IMPORTED,COUNTRY,PRY,AMR,Americas,YEAR,2017,,,,,,,,,5,5,,,,2022-02-10T08:19:44Z,2017,2017-01-01,2017-12-31
565127,MALARIA_IMPORTED,COUNTRY,LAO,WPR,Western Pacific,YEAR,2018,,,,,,,,,0,0,,,,2022-02-10T08:19:43Z,2018,2018-01-01,2018-12-31
556293,MALARIA_IMPORTED,COUNTRY,VEN,AMR,Americas,YEAR,2013,,,,,,,,,1 677,1677,,,,2022-02-10T08:19:45Z,2013,2013-01-01,2013-12-31
565248,MALARIA_IMPORTED,COUNTRY,NPL,SEAR,South-East Asia,YEAR,2020,,,,,,,,,357,357,,,,2022-02-10T08:19:43Z,2020,2020-01-01,2020-12-31
565078,MALARIA_IMPORTED,COUNTRY,PER,AMR,Americas,YEAR,2017,,,,,,,,,57,57,,,,2022-02-10T08:19:44Z,2017,2017-01-01,2017-12-31
565164,MALARIA_IMPORTED,COUNTRY,BRA,AMR,Americas,YEAR,2019,,,,,,,,,4 158,4158,,,,2022-02-10T08:19:41Z,2019,2019-01-01,2019-12-31
565182,MALARIA_IMPORTED,COUNTRY,IRN,EMR,Eastern Mediterranean,YEAR,2019,,,,,,,,,1 107,1107,,,,2022-02-10T08:19:43Z,2019,2019-01-01,2019-12-31
565125,MALARIA_IMPORTED,COUNTRY,IRN,EMR,Eastern Mediterranean,YEAR,2018,,,,,,,,,602,602,,,,2022-02-10T08:19:43Z,2018,2018-01-01,2018-12-31
556238,MALARIA_IMPORTED,COUNTRY,IRN,EMR,Eastern Mediterranean,YEAR,2012,,,,,,,,,842,842,,,,2022-02-10T08:19:43Z,2012,2012-01-01,2012-12-31
565199,MALARIA_IMPORTED,COUNTRY,SEN,AFR,Africa,YEAR,2019,,,,,,,,,45,45,,,,2022-02-10T08:19:44Z,2019,2019-01-01,2019-12-31
565169,MALARIA_IMPORTED,COUNTRY,COM,AFR,Africa,YEAR,2019,,,,,,,,,98,98,,,,2022-02-10T08:19:41Z,2019,2019-01-01,2019-12-31
556245,MALARIA_IMPORTED,COUNTRY,PRY,AMR,Americas,YEAR,2012,,,,,,,,,15,15,,,,2022-02-10T08:19:44Z,2012,2012-01-01,2012-12-31
556289,MALARIA_IMPORTED,COUNTRY,TKM,EUR,Europe,YEAR,2013,,,,,,,,,0,0,,,,2022-02-10T08:19:45Z,2013,2013-01-01,2013-12-31
565052,MALARIA_IMPORTED,COUNTRY,BRA,AMR,Americas,YEAR,2017,,,,,,,,,4 867,4867,,,,2022-02-10T08:19:41Z,2017,2017-01-01,2017-12-31
